article_id,published_at,finbert_label,finbert_score,finbert_confidence,finbert_relevance,finbert_impact_strength,v2_final_score,v2_original_label,v2_canonical_direction,v2_confidence,v2_signal_mode,news_available,news_normalized_value,news_contribution,news_weighted_items,news_total_weight,news_agreement,momentum_available,momentum_normalized_value,momentum_contribution,momentum_horizons,volume_available,volume_contribution,volume_recent,volume_baseline_median,volume_relative,reliability_liquidity,reliability_freshness,reliability_data_quality,data_quality,warnings_missing_inputs,entry_price_1d,exit_price_1d,return_1d,realized_direction_1d,correct_1d,event_status_1d,event_entry_timestamp,event_exit_timestamp,signal_run_id
123,2020-05-20 00:00:00,neutral,0.1255074549344749,0.8530673980898644,1.0,0.5,0.0462435328301105,neutral,NEUTRAL,0.5349496806078393,NEWS_PLUS_MARKET,True,0.0,0.0,3,1.327182265188193,0.0,True,0.2115084293539034,0.07402795027386619,"[{""horizon_bars"": 1.0, ""normalized"": -0.15564805843103197, ""return"": -0.007782402921551599, ""weight"": 0.5}, {""horizon_bars"": 4.0, ""normalized"": 0.3867020731823935, ""return"": 0.01933510365911968, ""weight"": 0.3}, {""horizon_bars"": 12.0, ""normalized"": 0.8666091830735065, ""return"": 0.04333045915367533, ""weight"": 0.2}]",True,0.005246677434894726,31586000.0,35289000.0,0.8950664513021055,0.5,0.6,0.65,UNASSESSED,No quote was available for liquidity/spread assessment.,70.45800018310547,70.3375015258789,-0.0017102196615489,BEARISH,False,VALID,2020-05-20T13:30:00,2020-05-21T13:30:00,82
124,2020-05-20 00:00:00,neutral,0.03650682531003825,0.9030147605889246,1.0,0.5,0.0462435328301105,neutral,NEUTRAL,0.5349496806078393,NEWS_PLUS_MARKET,True,0.0,0.0,3,1.327182265188193,0.0,True,0.2115084293539034,0.07402795027386619,"[{""horizon_bars"": 1.0, ""normalized"": -0.15564805843103197, ""return"": -0.007782402921551599, ""weight"": 0.5}, {""horizon_bars"": 4.0, ""normalized"": 0.3867020731823935, ""return"": 0.01933510365911968, ""weight"": 0.3}, {""horizon_bars"": 12.0, ""normalized"": 0.8666091830735065, ""return"": 0.04333045915367533, ""weight"": 0.2}]",True,0.005246677434894726,31586000.0,35289000.0,0.8950664513021055,0.5,0.6,0.65,UNASSESSED,No quote was available for liquidity/spread assessment.,70.45800018310547,70.3375015258789,-0.0017102196615489,BEARISH,False,VALID,2020-05-20T13:30:00,2020-05-21T13:30:00,84
125,2020-05-20 00:00:00,neutral,0.08264957110540795,0.8982823716975973,1.0,0.5,0.0462435328301105,neutral,NEUTRAL,0.5349496806078393,NEWS_PLUS_MARKET,True,0.0,0.0,3,1.327182265188193,0.0,True,0.2115084293539034,0.07402795027386619,"[{""horizon_bars"": 1.0, ""normalized"": -0.15564805843103197, ""return"": -0.007782402921551599, ""weight"": 0.5}, {""horizon_bars"": 4.0, ""normalized"": 0.3867020731823935, ""return"": 0.01933510365911968, ""weight"": 0.3}, {""horizon_bars"": 12.0, ""normalized"": 0.8666091830735065, ""return"": 0.04333045915367533, ""weight"": 0.2}]",True,0.005246677434894726,31586000.0,35289000.0,0.8950664513021055,0.5,0.6,0.65,UNASSESSED,No quote was available for liquidity/spread assessment.,70.45800018310547,70.3375015258789,-0.0017102196615489,BEARISH,False,VALID,2020-05-20T13:30:00,2020-05-21T13:30:00,86
126,2020-05-21 00:00:00,neutral,-0.10093958416141106,0.8459030484322799,1.0,0.5,0.1434220791302254,neutral,NEUTRAL,0.5746259331684919,NEWS_PLUS_MARKET,True,0.0,0.0,4,1.3962185186874816,0.0,True,0.6841792625824811,0.23946274190386835,"[{""horizon_bars"": 1.0, ""normalized"": 0.505820410806029, ""return"": 0.025291020540301454, ""weight"": 0.5}, {""horizon_bars"": 4.0, ""normalized"": 0.7708968572648885, ""return"": 0.03854484286324443, ""weight"": 0.3}, {""horizon_bars"": 13.0, ""normalized"": 1.0, ""return"": 0.06971735122645308, ""weight"": 0.2}]",True,0.006403679462232448,38262000.0,33918000.0,1.128073589244649,0.5,0.6,0.65,UNASSESSED,No quote was available for liquidity/spread assessment.,70.3375015258789,70.66200256347656,0.0046134854175658,BULLISH,False,VALID,2020-05-21T13:30:00,2020-05-22T13:30:00,88
155,2020-05-21 00:00:00,neutral,-0.02142207308544164,0.903423004571922,1.0,0.5,0.3067629111611695,bullish,BULLISH,0.6429467346321556,NEWS_PLUS_MARKET,True,0.4961178617490853,0.2728648239619969,2,0.8964626209096251,0.4961178617490853,True,0.6868153267175234,0.2403853643511332,"[{""horizon_bars"": 1.0, ""normalized"": 0.37363065343504703, ""return"": 0.018681532671752352, ""weight"": 0.5}, {""horizon_bars"": 4.0, ""normalized"": 1.0, ""return"": 0.11699144596756285, ""weight"": 0.3}, {""horizon_bars"": 13.0, ""normalized"": 1.0, ""return"": 0.26883093652315665, ""weight"": 0.2}]",True,0.012629087963160368,587536000.0,469060000.0,1.2525817592632074,0.5,0.6,0.65,UNASSESSED,No quote was available for liquidity/spread assessment.,8.775250434875488,9.026249885559082,0.0286031096828924,BULLISH,True,VALID,2020-05-21T13:30:00,2020-05-22T13:30:00,90
156,2020-05-21 00:00:00,bullish,0.8273844252606976,0.8895022372473281,1.0,0.5,0.3067629111611695,bullish,BULLISH,0.6429467346321556,NEWS_PLUS_MARKET,True,0.4961178617490853,0.2728648239619969,2,0.8964626209096251,0.4961178617490853,True,0.6868153267175234,0.2403853643511332,"[{""horizon_bars"": 1.0, ""normalized"": 0.37363065343504703, ""return"": 0.018681532671752352, ""weight"": 0.5}, {""horizon_bars"": 4.0, ""normalized"": 1.0, ""return"": 0.11699144596756285, ""weight"": 0.3}, {""horizon_bars"": 13.0, ""normalized"": 1.0, ""return"": 0.26883093652315665, ""weight"": 0.2}]",True,0.012629087963160368,587536000.0,469060000.0,1.2525817592632074,0.5,0.6,0.65,UNASSESSED,No quote was available for liquidity/spread assessment.,8.775250434875488,9.026249885559082,0.0286031096828924,BULLISH,True,VALID,2020-05-21T13:30:00,2020-05-22T13:30:00,92
127,2020-05-22 00:00:00,bearish,-0.4856515854646143,0.5087725122115658,1.0,0.5,0.1521891213432441,neutral,NEUTRAL,0.5758522829136253,NEWS_PLUS_MARKET,True,0.25295942645982866,0.13912768455290578,7,1.925315355017393,0.25295942645982866,True,0.3301165688523909,0.1155407990983368,"[{""horizon_bars"": 1.0, ""normalized"": -0.03420439323097787, ""return"": -0.0017102196615488934, ""weight"": 0.5}, {""horizon_bars"": 4.0, ""normalized"": 0.49072921822626603, ""return"": 0.024536460911313302, ""weight"": 0.3}, {""horizon_bars"": 14.0, ""normalized"": 1.0, ""return"": 0.06788789958008559, ""weight"": 0.2}]",True,0.0062271529371758895,30894000.0,35289000.0,0.8754569412564822,0.5,0.6,0.65,UNASSESSED,No quote was available for liquidity/spread assessment.,70.66200256347656,,,,,OUT_OF_TOLERANCE,2020-05-22T13:30:00,2020-05-26T13:30:00,94
128,2020-05-22 00:00:00,bullish,0.20183405615901778,0.775905253670845,1.0,0.5,0.1521891213432441,neutral,NEUTRAL,0.5758522829136253,NEWS_PLUS_MARKET,True,0.25295942645982866,0.13912768455290578,7,1.925315355017393,0.25295942645982866,True,0.3301165688523909,0.1155407990983368,"[{""horizon_bars"": 1.0, ""normalized"": -0.03420439323097787, ""return"": -0.0017102196615488934, ""weight"": 0.5}, {""horizon_bars"": 4.0, ""normalized"": 0.49072921822626603, ""return"": 0.024536460911313302, ""weight"": 0.3}, {""horizon_bars"": 14.0, ""normalized"": 1.0, ""return"": 0.06788789958008559, ""weight"": 0.2}]",True,0.0062271529371758895,30894000.0,35289000.0,0.8754569412564822,0.5,0.6,0.65,UNASSESSED,No quote was available for liquidity/spread assessment.,70.66200256347656,,,,,OUT_OF_TOLERANCE,2020-05-22T13:30:00,2020-05-26T13:30:00,96
129,2020-05-22 00:00:00,bullish,0.27589863044334295,0.7069205944597231,1.0,0.5,0.1521891213432441,neutral,NEUTRAL,0.5758522829136253,NEWS_PLUS_MARKET,True,0.25295942645982866,0.13912768455290578,7,1.925315355017393,0.25295942645982866,True,0.3301165688523909,0.1155407990983368,"[{""horizon_bars"": 1.0, ""normalized"": -0.03420439323097787, ""return"": -0.0017102196615488934, ""weight"": 0.5}, {""horizon_bars"": 4.0, ""normalized"": 0.49072921822626603, ""return"": 0.024536460911313302, ""weight"": 0.3}, {""horizon_bars"": 14.0, ""normalized"": 1.0, ""return"": 0.06788789958008559, ""weight"": 0.2}]",True,0.0062271529371758895,30894000.0,35289000.0,0.8754569412564822,0.5,0.6,0.65,UNASSESSED,No quote was available for liquidity/spread assessment.,70.66200256347656,,,,,OUT_OF_TOLERANCE,2020-05-22T13:30:00,2020-05-26T13:30:00,98
157,2020-05-22 00:00:00,bullish,0.5325977798839038,0.5468758726783222,1.0,0.5,0.2959208180774385,bullish,BULLISH,0.6354867917331726,NEWS_PLUS_MARKET,True,0.7523892829990242,0.41381410564946336,22,8.615164849693002,0.7523892829990242,True,0.18392998564044769,0.06437549497415669,"[{""horizon_bars"": 1.0, ""normalized"": -0.434224807928191, ""return"": -0.02171124039640955, ""weight"": 0.5}, {""horizon_bars"": 4.0, ""normalized"": 0.6701412986818106, ""return"": 0.03350706493409053, ""weight"": 0.3}, {""horizon_bars"": 14.0, ""normalized"": 1.0, ""return"": 0.2412830430379009, ""weight"": 0.2}]",True,0.02910323036627448,761068000.0,481060000.0,1.5820646073254896,0.5,0.6,0.65,UNASSESSED,No quote was available for liquidity/spread assessment.,9.026249885559082,,,,,OUT_OF_TOLERANCE,2020-05-22T13:30:00,2020-05-26T13:30:00,100
158,2020-05-22 00:00:00,bullish,0.7331931451883318,0.8426820479242082,1.0,0.5,0.2959208180774385,bullish,BULLISH,0.6354867917331726,NEWS_PLUS_MARKET,True,0.7523892829990242,0.41381410564946336,22,8.615164849693002,0.7523892829990242,True,0.18392998564044769,0.06437549497415669,"[{""horizon_bars"": 1.0, ""normalized"": -0.434224807928191, ""return"": -0.02171124039640955, ""weight"": 0.5}, {""horizon_bars"": 4.0, ""normalized"": 0.6701412986818106, ""return"": 0.03350706493409053, ""weight"": 0.3}, {""horizon_bars"": 14.0, ""normalized"": 1.0, ""return"": 0.2412830430379009, ""weight"": 0.2}]",True,0.02910323036627448,761068000.0,481060000.0,1.5820646073254896,0.5,0.6,0.65,UNASSESSED,No quote was available for liquidity/spread assessment.,9.026249885559082,,,,,OUT_OF_TOLERANCE,2020-05-22T13:30:00,2020-05-26T13:30:00,102
159,2020-05-22 00:00:00,bullish,0.7848388204182817,0.8005911618405078,1.0,0.5,0.2959208180774385,bullish,BULLISH,0.6354867917331726,NEWS_PLUS_MARKET,True,0.7523892829990242,0.41381410564946336,22,8.615164849693002,0.7523892829990242,True,0.18392998564044769,0.06437549497415669,"[{""horizon_bars"": 1.0, ""normalized"": -0.434224807928191, ""return"": -0.02171124039640955, ""weight"": 0.5}, {""horizon_bars"": 4.0, ""normalized"": 0.6701412986818106, ""return"": 0.03350706493409053, ""weight"": 0.3}, {""horizon_bars"": 14.0, ""normalized"": 1.0, ""return"": 0.2412830430379009, ""weight"": 0.2}]",True,0.02910323036627448,761068000.0,481060000.0,1.5820646073254896,0.5,0.6,0.65,UNASSESSED,No quote was available for liquidity/spread assessment.,9.026249885559082,,,,,OUT_OF_TOLERANCE,2020-05-22T13:30:00,2020-05-26T13:30:00,104
160,2020-05-22 00:00:00,bullish,0.8865108601748943,0.9147385358810425,1.0,0.5,0.2959208180774385,bullish,BULLISH,0.6354867917331726,NEWS_PLUS_MARKET,True,0.7523892829990242,0.41381410564946336,22,8.615164849693002,0.7523892829990242,True,0.18392998564044769,0.06437549497415669,"[{""horizon_bars"": 1.0, ""normalized"": -0.434224807928191, ""return"": -0.02171124039640955, ""weight"": 0.5}, {""horizon_bars"": 4.0, ""normalized"": 0.6701412986818106, ""return"": 0.03350706493409053, ""weight"": 0.3}, {""horizon_bars"": 14.0, ""normalized"": 1.0, ""return"": 0.2412830430379009, ""weight"": 0.2}]",True,0.02910323036627448,761068000.0,481060000.0,1.5820646073254896,0.5,0.6,0.65,UNASSESSED,No quote was available for liquidity/spread assessment.,9.026249885559082,,,,,OUT_OF_TOLERANCE,2020-05-22T13:30:00,2020-05-26T13:30:00,106
161,2020-05-22 00:00:00,bullish,0.7989480156039974,0.8214470469400063,1.0,0.5,0.2959208180774385,bullish,BULLISH,0.6354867917331726,NEWS_PLUS_MARKET,True,0.7523892829990242,0.41381410564946336,22,8.615164849693002,0.7523892829990242,True,0.18392998564044769,0.06437549497415669,"[{""horizon_bars"": 1.0, ""normalized"": -0.434224807928191, ""return"": -0.02171124039640955, ""weight"": 0.5}, {""horizon_bars"": 4.0, ""normalized"": 0.6701412986818106, ""return"": 0.03350706493409053, ""weight"": 0.3}, {""horizon_bars"": 14.0, ""normalized"": 1.0, ""return"": 0.2412830430379009, ""weight"": 0.2}]",True,0.02910323036627448,761068000.0,481060000.0,1.5820646073254896,0.5,0.6,0.65,UNASSESSED,No quote was available for liquidity/spread assessment.,9.026249885559082,,,,,OUT_OF_TOLERANCE,2020-05-22T13:30:00,2020-05-26T13:30:00,108
162,2020-05-22 00:00:00,bullish,0.9302407104176362,0.9546735989452183,1.0,0.5,0.2959208180774385,bullish,BULLISH,0.6354867917331726,NEWS_PLUS_MARKET,True,0.7523892829990242,0.41381410564946336,22,8.615164849693002,0.7523892829990242,True,0.18392998564044769,0.06437549497415669,"[{""horizon_bars"": 1.0, ""normalized"": -0.434224807928191, ""return"": -0.02171124039640955, ""weight"": 0.5}, {""horizon_bars"": 4.0, ""normalized"": 0.6701412986818106, ""return"": 0.03350706493409053, ""weight"": 0.3}, {""horizon_bars"": 14.0, ""normalized"": 1.0, ""return"": 0.2412830430379009, ""weight"": 0.2}]",True,0.02910323036627448,761068000.0,481060000.0,1.5820646073254896,0.5,0.6,0.65,UNASSESSED,No quote was available for liquidity/spread assessment.,9.026249885559082,,,,,OUT_OF_TOLERANCE,2020-05-22T13:30:00,2020-05-26T13:30:00,110
163,2020-05-22 00:00:00,bullish,0.44791273617484384,0.5059977920650778,1.0,0.5,0.2959208180774385,bullish,BULLISH,0.6354867917331726,NEWS_PLUS_MARKET,True,0.7523892829990242,0.41381410564946336,22,8.615164849693002,0.7523892829990242,True,0.18392998564044769,0.06437549497415669,"[{""horizon_bars"": 1.0, ""normalized"": -0.434224807928191, ""return"": -0.02171124039640955, ""weight"": 0.5}, {""horizon_bars"": 4.0, ""normalized"": 0.6701412986818106, ""return"": 0.03350706493409053, ""weight"": 0.3}, {""horizon_bars"": 14.0, ""normalized"": 1.0, ""return"": 0.2412830430379009, ""weight"": 0.2}]",True,0.02910323036627448,761068000.0,481060000.0,1.5820646073254896,0.5,0.6,0.65,UNASSESSED,No quote was available for liquidity/spread assessment.,9.026249885559082,,,,,OUT_OF_TOLERANCE,2020-05-22T13:30:00,2020-05-26T13:30:00,112
164,2020-05-22 00:00:00,bullish,0.7271618043751868,0.7872120132455239,1.0,0.5,0.2959208180774385,bullish,BULLISH,0.6354867917331726,NEWS_PLUS_MARKET,True,0.7523892829990242,0.41381410564946336,22,8.615164849693002,0.7523892829990242,True,0.18392998564044769,0.06437549497415669,"[{""horizon_bars"": 1.0, ""normalized"": -0.434224807928191, ""return"": -0.02171124039640955, ""weight"": 0.5}, {""horizon_bars"": 4.0, ""normalized"": 0.6701412986818106, ""return"": 0.03350706493409053, ""weight"": 0.3}, {""horizon_bars"": 14.0, ""normalized"": 1.0, ""return"": 0.2412830430379009, ""weight"": 0.2}]",True,0.02910323036627448,761068000.0,481060000.0,1.5820646073254896,0.5,0.6,0.65,UNASSESSED,No quote was available for liquidity/spread assessment.,9.026249885559082,,,,,OUT_OF_TOLERANCE,2020-05-22T13:30:00,2020-05-26T13:30:00,114
165,2020-05-22 00:00:00,bullish,0.6661158626237202,0.7826829014918424,1.0,0.5,0.2959208180774385,bullish,BULLISH,0.6354867917331726,NEWS_PLUS_MARKET,True,0.7523892829990242,0.41381410564946336,22,8.615164849693002,0.7523892829990242,True,0.18392998564044769,0.06437549497415669,"[{""horizon_bars"": 1.0, ""normalized"": -0.434224807928191, ""return"": -0.02171124039640955, ""weight"": 0.5}, {""horizon_bars"": 4.0, ""normalized"": 0.6701412986818106, ""return"": 0.03350706493409053, ""weight"": 0.3}, {""horizon_bars"": 14.0, ""normalized"": 1.0, ""return"": 0.2412830430379009, ""weight"": 0.2}]",True,0.02910323036627448,761068000.0,481060000.0,1.5820646073254896,0.5,0.6,0.65,UNASSESSED,No quote was available for liquidity/spread assessment.,9.026249885559082,,,,,OUT_OF_TOLERANCE,2020-05-22T13:30:00,2020-05-26T13:30:00,116
166,2020-05-22 00:00:00,bullish,0.8688711524009705,0.9080989956855774,1.0,0.5,0.2959208180774385,bullish,BULLISH,0.6354867917331726,NEWS_PLUS_MARKET,True,0.7523892829990242,0.41381410564946336,22,8.615164849693002,0.7523892829990242,True,0.18392998564044769,0.06437549497415669,"[{""horizon_bars"": 1.0, ""normalized"": -0.434224807928191, ""return"": -0.02171124039640955, ""weight"": 0.5}, {""horizon_bars"": 4.0, ""normalized"": 0.6701412986818106, ""return"": 0.03350706493409053, ""weight"": 0.3}, {""horizon_bars"": 14.0, ""normalized"": 1.0, ""return"": 0.2412830430379009, ""weight"": 0.2}]",True,0.02910323036627448,761068000.0,481060000.0,1.5820646073254896,0.5,0.6,0.65,UNASSESSED,No quote was available for liquidity/spread assessment.,9.026249885559082,,,,,OUT_OF_TOLERANCE,2020-05-22T13:30:00,2020-05-26T13:30:00,118
167,2020-05-22 00:00:00,neutral,-0.1285440161303275,0.791632917866252,1.0,0.5,0.2959208180774385,bullish,BULLISH,0.6354867917331726,NEWS_PLUS_MARKET,True,0.7523892829990242,0.41381410564946336,22,8.615164849693002,0.7523892829990242,True,0.18392998564044769,0.06437549497415669,"[{""horizon_bars"": 1.0, ""normalized"": -0.434224807928191, ""return"": -0.02171124039640955, ""weight"": 0.5}, {""horizon_bars"": 4.0, ""normalized"": 0.6701412986818106, ""return"": 0.03350706493409053, ""weight"": 0.3}, {""horizon_bars"": 14.0, ""normalized"": 1.0, ""return"": 0.2412830430379009, ""weight"": 0.2}]",True,0.02910323036627448,761068000.0,481060000.0,1.5820646073254896,0.5,0.6,0.65,UNASSESSED,No quote was available for liquidity/spread assessment.,9.026249885559082,,,,,OUT_OF_TOLERANCE,2020-05-22T13:30:00,2020-05-26T13:30:00,120
168,2020-05-22 00:00:00,bullish,0.8959955646696846,0.9310042795200597,1.0,0.5,0.2959208180774385,bullish,BULLISH,0.6354867917331726,NEWS_PLUS_MARKET,True,0.7523892829990242,0.41381410564946336,22,8.615164849693002,0.7523892829990242,True,0.18392998564044769,0.06437549497415669,"[{""horizon_bars"": 1.0, ""normalized"": -0.434224807928191, ""return"": -0.02171124039640955, ""weight"": 0.5}, {""horizon_bars"": 4.0, ""normalized"": 0.6701412986818106, ""return"": 0.03350706493409053, ""weight"": 0.3}, {""horizon_bars"": 14.0, ""normalized"": 1.0, ""return"": 0.2412830430379009, ""weight"": 0.2}]",True,0.02910323036627448,761068000.0,481060000.0,1.5820646073254896,0.5,0.6,0.65,UNASSESSED,No quote was available for liquidity/spread assessment.,9.026249885559082,,,,,OUT_OF_TOLERANCE,2020-05-22T13:30:00,2020-05-26T13:30:00,122
169,2020-05-22 00:00:00,bullish,0.6349345051825832,0.6751109814345749,1.0,0.5,0.2959208180774385,bullish,BULLISH,0.6354867917331726,NEWS_PLUS_MARKET,True,0.7523892829990242,0.41381410564946336,22,8.615164849693002,0.7523892829990242,True,0.18392998564044769,0.06437549497415669,"[{""horizon_bars"": 1.0, ""normalized"": -0.434224807928191, ""return"": -0.02171124039640955, ""weight"": 0.5}, {""horizon_bars"": 4.0, ""normalized"": 0.6701412986818106, ""return"": 0.03350706493409053, ""weight"": 0.3}, {""horizon_bars"": 14.0, ""normalized"": 1.0, ""return"": 0.2412830430379009, ""weight"": 0.2}]",True,0.02910323036627448,761068000.0,481060000.0,1.5820646073254896,0.5,0.6,0.65,UNASSESSED,No quote was available for liquidity/spread assessment.,9.026249885559082,,,,,OUT_OF_TOLERANCE,2020-05-22T13:30:00,2020-05-26T13:30:00,124
170,2020-05-22 00:00:00,bullish,0.8970783536630382,0.9213613485589682,1.0,0.5,0.2959208180774385,bullish,BULLISH,0.6354867917331726,NEWS_PLUS_MARKET,True,0.7523892829990242,0.41381410564946336,22,8.615164849693002,0.7523892829990242,True,0.18392998564044769,0.06437549497415669,"[{""horizon_bars"": 1.0, ""normalized"": -0.434224807928191, ""return"": -0.02171124039640955, ""weight"": 0.5}, {""horizon_bars"": 4.0, ""normalized"": 0.6701412986818106, ""return"": 0.03350706493409053, ""weight"": 0.3}, {""horizon_bars"": 14.0, ""normalized"": 1.0, ""return"": 0.2412830430379009, ""weight"": 0.2}]",True,0.02910323036627448,761068000.0,481060000.0,1.5820646073254896,0.5,0.6,0.65,UNASSESSED,No quote was available for liquidity/spread assessment.,9.026249885559082,,,,,OUT_OF_TOLERANCE,2020-05-22T13:30:00,2020-05-26T13:30:00,126
171,2020-05-22 00:00:00,bullish,0.8364568799289508,0.8595712400342419,1.0,0.5,0.2959208180774385,bullish,BULLISH,0.6354867917331726,NEWS_PLUS_MARKET,True,0.7523892829990242,0.41381410564946336,22,8.615164849693002,0.7523892829990242,True,0.18392998564044769,0.06437549497415669,"[{""horizon_bars"": 1.0, ""normalized"": -0.434224807928191, ""return"": -0.02171124039640955, ""weight"": 0.5}, {""horizon_bars"": 4.0, ""normalized"": 0.6701412986818106, ""return"": 0.03350706493409053, ""weight"": 0.3}, {""horizon_bars"": 14.0, ""normalized"": 1.0, ""return"": 0.2412830430379009, ""weight"": 0.2}]",True,0.02910323036627448,761068000.0,481060000.0,1.5820646073254896,0.5,0.6,0.65,UNASSESSED,No quote was available for liquidity/spread assessment.,9.026249885559082,,,,,OUT_OF_TOLERANCE,2020-05-22T13:30:00,2020-05-26T13:30:00,128
172,2020-05-22 00:00:00,bullish,0.5890964303299185,0.6119013808181021,1.0,0.5,0.2959208180774385,bullish,BULLISH,0.6354867917331726,NEWS_PLUS_MARKET,True,0.7523892829990242,0.41381410564946336,22,8.615164849693002,0.7523892829990242,True,0.18392998564044769,0.06437549497415669,"[{""horizon_bars"": 1.0, ""normalized"": -0.434224807928191, ""return"": -0.02171124039640955, ""weight"": 0.5}, {""horizon_bars"": 4.0, ""normalized"": 0.6701412986818106, ""return"": 0.03350706493409053, ""weight"": 0.3}, {""horizon_bars"": 14.0, ""normalized"": 1.0, ""return"": 0.2412830430379009, ""weight"": 0.2}]",True,0.02910323036627448,761068000.0,481060000.0,1.5820646073254896,0.5,0.6,0.65,UNASSESSED,No quote was available for liquidity/spread assessment.,9.026249885559082,,,,,OUT_OF_TOLERANCE,2020-05-22T13:30:00,2020-05-26T13:30:00,130
173,2020-05-22 00:00:00,bullish,0.7068426458086763,0.7253230999308142,1.0,0.5,0.2959208180774385,bullish,BULLISH,0.6354867917331726,NEWS_PLUS_MARKET,True,0.7523892829990242,0.41381410564946336,22,8.615164849693002,0.7523892829990242,True,0.18392998564044769,0.06437549497415669,"[{""horizon_bars"": 1.0, ""normalized"": -0.434224807928191, ""return"": -0.02171124039640955, ""weight"": 0.5}, {""horizon_bars"": 4.0, ""normalized"": 0.6701412986818106, ""return"": 0.03350706493409053, ""weight"": 0.3}, {""horizon_bars"": 14.0, ""normalized"": 1.0, ""return"": 0.2412830430379009, ""weight"": 0.2}]",True,0.02910323036627448,761068000.0,481060000.0,1.5820646073254896,0.5,0.6,0.65,UNASSESSED,No quote was available for liquidity/spread assessment.,9.026249885559082,,,,,OUT_OF_TOLERANCE,2020-05-22T13:30:00,2020-05-26T13:30:00,132
174,2020-05-22 00:00:00,bullish,0.6529168794474914,0.6741920239141588,1.0,0.5,0.2959208180774385,bullish,BULLISH,0.6354867917331726,NEWS_PLUS_MARKET,True,0.7523892829990242,0.41381410564946336,22,8.615164849693002,0.7523892829990242,True,0.18392998564044769,0.06437549497415669,"[{""horizon_bars"": 1.0, ""normalized"": -0.434224807928191, ""return"": -0.02171124039640955, ""weight"": 0.5}, {""horizon_bars"": 4.0, ""normalized"": 0.6701412986818106, ""return"": 0.03350706493409053, ""weight"": 0.3}, {""horizon_bars"": 14.0, ""normalized"": 1.0, ""return"": 0.2412830430379009, ""weight"": 0.2}]",True,0.02910323036627448,761068000.0,481060000.0,1.5820646073254896,0.5,0.6,0.65,UNASSESSED,No quote was available for liquidity/spread assessment.,9.026249885559082,,,,,OUT_OF_TOLERANCE,2020-05-22T13:30:00,2020-05-26T13:30:00,134
175,2020-05-22 00:00:00,bearish,-0.9387534118779902,0.9518505531984616,1.0,0.5,0.2959208180774385,bullish,BULLISH,0.6354867917331726,NEWS_PLUS_MARKET,True,0.7523892829990242,0.41381410564946336,22,8.615164849693002,0.7523892829990242,True,0.18392998564044769,0.06437549497415669,"[{""horizon_bars"": 1.0, ""normalized"": -0.434224807928191, ""return"": -0.02171124039640955, ""weight"": 0.5}, {""horizon_bars"": 4.0, ""normalized"": 0.6701412986818106, ""return"": 0.03350706493409053, ""weight"": 0.3}, {""horizon_bars"": 14.0, ""normalized"": 1.0, ""return"": 0.2412830430379009, ""weight"": 0.2}]",True,0.02910323036627448,761068000.0,481060000.0,1.5820646073254896,0.5,0.6,0.65,UNASSESSED,No quote was available for liquidity/spread assessment.,9.026249885559082,,,,,OUT_OF_TOLERANCE,2020-05-22T13:30:00,2020-05-26T13:30:00,136
176,2020-05-22 00:00:00,neutral,-0.027098438220552593,0.9085700634122607,1.0,0.5,0.2959208180774385,bullish,BULLISH,0.6354867917331726,NEWS_PLUS_MARKET,True,0.7523892829990242,0.41381410564946336,22,8.615164849693002,0.7523892829990242,True,0.18392998564044769,0.06437549497415669,"[{""horizon_bars"": 1.0, ""normalized"": -0.434224807928191, ""return"": -0.02171124039640955, ""weight"": 0.5}, {""horizon_bars"": 4.0, ""normalized"": 0.6701412986818106, ""return"": 0.03350706493409053, ""weight"": 0.3}, {""horizon_bars"": 14.0, ""normalized"": 1.0, ""return"": 0.2412830430379009, ""weight"": 0.2}]",True,0.02910323036627448,761068000.0,481060000.0,1.5820646073254896,0.5,0.6,0.65,UNASSESSED,No quote was available for liquidity/spread assessment.,9.026249885559082,,,,,OUT_OF_TOLERANCE,2020-05-22T13:30:00,2020-05-26T13:30:00,138
177,2020-05-23 00:00:00,neutral,0.0004299115109315105,0.9404389841195858,1.0,0.5,0.3923277290523574,bullish,BULLISH,0.6872560828846043,NEWS_PLUS_MARKET,True,0.7022051333223222,0.3862128233272772,23,6.724258595458867,0.7022051333223222,True,0.6752828511581013,0.23634899790533542,"[{""horizon_bars"": 1.0, ""normalized"": 0.57206219365785, ""return"": 0.028603109682892505, ""weight"": 0.5}, {""horizon_bars"": 4.0, ""normalized"": 0.6308391810972543, ""return"": 0.03154195905486272, ""weight"": 0.3}, {""horizon_bars"": 15.0, ""normalized"": 1.0, ""return"": 0.2767875980654286, ""weight"": 0.2}]",True,0.05,1038764000.0,493060000.0,2.106769967143958,0.5,0.6,0.65,UNASSESSED,No quote was available for liquidity/spread assessment.,,,,,,OUT_OF_TOLERANCE,2020-05-26T13:30:00,,140
51,2020-05-26 00:00:00,bearish,-0.15667918217153562,0.7858142856850954,1.0,0.5,-0.2639733061992134,bearish,BEARISH,0.5663343792762666,NEWS_PLUS_MARKET,True,-1.0,-0.55,1,0.3929071428425477,1.0,True,0.33925113985495103,0.11873789894923285,"[{""horizon_bars"": 1.0, ""normalized"": 0.12876809251222796, ""return"": 0.006438404625611399, ""weight"": 0.5}, {""horizon_bars"": 4.0, ""normalized"": 0.24955697866279014, ""return"": 0.012477848933139508, ""weight"": 0.3}, {""horizon_bars"": 15.0, ""normalized"": 1.0, ""return"": 0.1031584272621298, ""weight"": 0.2}]",True,-0.02126356671931294,81803200.0,142333600.0,0.5747286656137413,0.5,0.6,0.65,UNASSESSED,No quote was available for liquidity/spread assessment.,79.18250274658203,79.52749633789062,0.0043569422453433,BULLISH,False,VALID,2020-05-26T13:30:00,2020-05-27T13:30:00,142
130,2020-05-26 00:00:00,bullish,0.8137275965099546,0.8208000835761445,1.0,0.5,0.4005222436663243,bullish,BULLISH,0.673276942797825,NEWS_PLUS_MARKET,True,1.0,0.55,2,0.6653253547739741,1.0,True,0.36767860937233554,0.12868751328031744,"[{""horizon_bars"": 1.0, ""normalized"": 0.09226970835131648, ""return"": 0.0046134854175658244, ""weight"": 0.5}, {""horizon_bars"": 4.0, ""normalized"": 0.40514585065559094, ""return"": 0.02025729253277955, ""weight"": 0.3}, {""horizon_bars"": 15.0, ""normalized"": 1.0, ""return"": 0.07281458483239332, ""weight"": 0.2}]",True,0.007922047290524203,28544000.0,33918000.0,0.8415590541895159,0.5,0.6,0.65,UNASSESSED,No quote was available for liquidity/spread assessment.,71.06849670410156,71.01399993896484,-0.0007668202883708,NEUTRAL,False,VALID,2020-05-26T13:30:00,2020-05-27T13:30:00,144
131,2020-05-26 00:00:00,bullish,0.4981480380347747,0.5098506259718036,1.0,0.5,0.4005222436663243,bullish,BULLISH,0.673276942797825,NEWS_PLUS_MARKET,True,1.0,0.55,2,0.6653253547739741,1.0,True,0.36767860937233554,0.12868751328031744,"[{""horizon_bars"": 1.0, ""normalized"": 0.09226970835131648, ""return"": 0.0046134854175658244, ""weight"": 0.5}, {""horizon_bars"": 4.0, ""normalized"": 0.40514585065559094, ""return"": 0.02025729253277955, ""weight"": 0.3}, {""horizon_bars"": 15.0, ""normalized"": 1.0, ""return"": 0.07281458483239332, ""weight"": 0.2}]",True,0.007922047290524203,28544000.0,33918000.0,0.8415590541895159,0.5,0.6,0.65,UNASSESSED,No quote was available for liquidity/spread assessment.,71.06849670410156,71.01399993896484,-0.0007668202883708,NEUTRAL,False,VALID,2020-05-26T13:30:00,2020-05-27T13:30:00,146
178,2020-05-26 00:00:00,neutral,0.1276034536810016,0.7068981791622259,1.0,0.5,0.4076877467017037,bullish,BULLISH,0.6958587324235526,NEWS_PLUS_MARKET,True,0.7500805130085966,0.41254428215472816,5,1.7905486017921604,0.7500805130085966,True,0.6752828511581013,0.23634899790533542,"[{""horizon_bars"": 1.0, ""normalized"": 0.57206219365785, ""return"": 0.028603109682892505, ""weight"": 0.5}, {""horizon_bars"": 4.0, ""normalized"": 0.6308391810972543, ""return"": 0.03154195905486272, ""weight"": 0.3}, {""horizon_bars"": 15.0, ""normalized"": 1.0, ""return"": 0.2767875980654286, ""weight"": 0.2}]",True,0.05,1038764000.0,493060000.0,2.106769967143958,0.5,0.6,0.65,UNASSESSED,No quote was available for liquidity/spread assessment.,8.71774959564209,8.525250434875488,-0.0220812904356452,BEARISH,False,VALID,2020-05-26T13:30:00,2020-05-27T13:30:00,148
179,2020-05-26 00:00:00,bullish,0.8206705563803102,0.8279511708797809,1.0,0.5,0.4076877467017037,bullish,BULLISH,0.6958587324235526,NEWS_PLUS_MARKET,True,0.7500805130085966,0.41254428215472816,5,1.7905486017921604,0.7500805130085966,True,0.6752828511581013,0.23634899790533542,"[{""horizon_bars"": 1.0, ""normalized"": 0.57206219365785, ""return"": 0.028603109682892505, ""weight"": 0.5}, {""horizon_bars"": 4.0, ""normalized"": 0.6308391810972543, ""return"": 0.03154195905486272, ""weight"": 0.3}, {""horizon_bars"": 15.0, ""normalized"": 1.0, ""return"": 0.2767875980654286, ""weight"": 0.2}]",True,0.05,1038764000.0,493060000.0,2.106769967143958,0.5,0.6,0.65,UNASSESSED,No quote was available for liquidity/spread assessment.,8.71774959564209,8.525250434875488,-0.0220812904356452,BEARISH,False,VALID,2020-05-26T13:30:00,2020-05-27T13:30:00,150
180,2020-05-26 00:00:00,bullish,0.9256154511371748,0.9505670330286518,1.0,0.5,0.4076877467017037,bullish,BULLISH,0.6958587324235526,NEWS_PLUS_MARKET,True,0.7500805130085966,0.41254428215472816,5,1.7905486017921604,0.7500805130085966,True,0.6752828511581013,0.23634899790533542,"[{""horizon_bars"": 1.0, ""normalized"": 0.57206219365785, ""return"": 0.028603109682892505, ""weight"": 0.5}, {""horizon_bars"": 4.0, ""normalized"": 0.6308391810972543, ""return"": 0.03154195905486272, ""weight"": 0.3}, {""horizon_bars"": 15.0, ""normalized"": 1.0, ""return"": 0.2767875980654286, ""weight"": 0.2}]",True,0.05,1038764000.0,493060000.0,2.106769967143958,0.5,0.6,0.65,UNASSESSED,No quote was available for liquidity/spread assessment.,8.71774959564209,8.525250434875488,-0.0220812904356452,BEARISH,False,VALID,2020-05-26T13:30:00,2020-05-27T13:30:00,152
181,2020-05-26 00:00:00,bullish,0.8805948741066532,0.9075930236897453,1.0,0.5,0.4076877467017037,bullish,BULLISH,0.6958587324235526,NEWS_PLUS_MARKET,True,0.7500805130085966,0.41254428215472816,5,1.7905486017921604,0.7500805130085966,True,0.6752828511581013,0.23634899790533542,"[{""horizon_bars"": 1.0, ""normalized"": 0.57206219365785, ""return"": 0.028603109682892505, ""weight"": 0.5}, {""horizon_bars"": 4.0, ""normalized"": 0.6308391810972543, ""return"": 0.03154195905486272, ""weight"": 0.3}, {""horizon_bars"": 15.0, ""normalized"": 1.0, ""return"": 0.2767875980654286, ""weight"": 0.2}]",True,0.05,1038764000.0,493060000.0,2.106769967143958,0.5,0.6,0.65,UNASSESSED,No quote was available for liquidity/spread assessment.,8.71774959564209,8.525250434875488,-0.0220812904356452,BEARISH,False,VALID,2020-05-26T13:30:00,2020-05-27T13:30:00,154
52,2020-05-27 00:00:00,bullish,0.43704714019027124,0.6647050032282249,1.0,0.5,0.2411532053503199,bullish,BULLISH,0.6062065213048251,NEWS_PLUS_MARKET,True,0.6150336326651326,0.3382684979658229,11,3.8041600050011106,0.6150336326651326,True,0.2010519832283712,0.07036819412992991,"[{""horizon_bars"": 1.0, ""normalized"": -0.13547013471028158, ""return"": -0.00677350673551408, ""weight"": 0.5}, {""horizon_bars"": 4.0, ""normalized"": 0.22929016861170654, ""return"": 0.011464508430585328, ""weight"": 0.3}, {""horizon_bars"": 16.0, ""normalized"": 1.0, ""return"": 0.09568617622473065, ""weight"": 0.2}]",True,0.004768802790509958,125522000.0,138756000.0,0.9046239441898009,0.5,0.6,0.65,UNASSESSED,No quote was available for liquidity/spread assessment.,79.52749633789062,79.5625,0.0004401454053155,NEUTRAL,False,VALID,2020-05-27T13:30:00,2020-05-28T13:30:00,156
53,2020-05-27 00:00:00,bullish,0.42084853247553256,0.5582216553588534,1.0,0.5,0.2411532053503199,bullish,BULLISH,0.6062065213048251,NEWS_PLUS_MARKET,True,0.6150336326651326,0.3382684979658229,11,3.8041600050011106,0.6150336326651326,True,0.2010519832283712,0.07036819412992991,"[{""horizon_bars"": 1.0, ""normalized"": -0.13547013471028158, ""return"": -0.00677350673551408, ""weight"": 0.5}, {""horizon_bars"": 4.0, ""normalized"": 0.22929016861170654, ""return"": 0.011464508430585328, ""weight"": 0.3}, {""horizon_bars"": 16.0, ""normalized"": 1.0, ""return"": 0.09568617622473065, ""weight"": 0.2}]",True,0.004768802790509958,125522000.0,138756000.0,0.9046239441898009,0.5,0.6,0.65,UNASSESSED,No quote was available for liquidity/spread assessment.,79.52749633789062,79.5625,0.0004401454053155,NEUTRAL,False,VALID,2020-05-27T13:30:00,2020-05-28T13:30:00,158
54,2020-05-27 00:00:00,neutral,0.13986822424174206,0.842856127196635,1.0,0.5,0.2411532053503199,bullish,BULLISH,0.6062065213048251,NEWS_PLUS_MARKET,True,0.6150336326651326,0.3382684979658229,11,3.8041600050011106,0.6150336326651326,True,0.2010519832283712,0.07036819412992991,"[{""horizon_bars"": 1.0, ""normalized"": -0.13547013471028158, ""return"": -0.00677350673551408, ""weight"": 0.5}, {""horizon_bars"": 4.0, ""normalized"": 0.22929016861170654, ""return"": 0.011464508430585328, ""weight"": 0.3}, {""horizon_bars"": 16.0, ""normalized"": 1.0, ""return"": 0.09568617622473065, ""weight"": 0.2}]",True,0.004768802790509958,125522000.0,138756000.0,0.9046239441898009,0.5,0.6,0.65,UNASSESSED,No quote was available for liquidity/spread assessment.,79.52749633789062,79.5625,0.0004401454053155,NEUTRAL,False,VALID,2020-05-27T13:30:00,2020-05-28T13:30:00,160
55,2020-05-27 00:00:00,bullish,0.5901313722133636,0.6076980829238892,1.0,0.5,0.2411532053503199,bullish,BULLISH,0.6062065213048251,NEWS_PLUS_MARKET,True,0.6150336326651326,0.3382684979658229,11,3.8041600050011106,0.6150336326651326,True,0.2010519832283712,0.07036819412992991,"[{""horizon_bars"": 1.0, ""normalized"": -0.13547013471028158, ""return"": -0.00677350673551408, ""weight"": 0.5}, {""horizon_bars"": 4.0, ""normalized"": 0.22929016861170654, ""return"": 0.011464508430585328, ""weight"": 0.3}, {""horizon_bars"": 16.0, ""normalized"": 1.0, ""return"": 0.09568617622473065, ""weight"": 0.2}]",True,0.004768802790509958,125522000.0,138756000.0,0.9046239441898009,0.5,0.6,0.65,UNASSESSED,No quote was available for liquidity/spread assessment.,79.52749633789062,79.5625,0.0004401454053155,NEUTRAL,False,VALID,2020-05-27T13:30:00,2020-05-28T13:30:00,162
56,2020-05-27 00:00:00,bullish,0.3281919209425423,0.5805544451810047,1.0,0.5,0.2411532053503199,bullish,BULLISH,0.6062065213048251,NEWS_PLUS_MARKET,True,0.6150336326651326,0.3382684979658229,11,3.8041600050011106,0.6150336326651326,True,0.2010519832283712,0.07036819412992991,"[{""horizon_bars"": 1.0, ""normalized"": -0.13547013471028158, ""return"": -0.00677350673551408, ""weight"": 0.5}, {""horizon_bars"": 4.0, ""normalized"": 0.22929016861170654, ""return"": 0.011464508430585328, ""weight"": 0.3}, {""horizon_bars"": 16.0, ""normalized"": 1.0, ""return"": 0.09568617622473065, ""weight"": 0.2}]",True,0.004768802790509958,125522000.0,138756000.0,0.9046239441898009,0.5,0.6,0.65,UNASSESSED,No quote was available for liquidity/spread assessment.,79.52749633789062,79.5625,0.0004401454053155,NEUTRAL,False,VALID,2020-05-27T13:30:00,2020-05-28T13:30:00,164
57,2020-05-27 00:00:00,bullish,0.20216489760445394,0.7783734472218853,1.0,0.5,0.2411532053503199,bullish,BULLISH,0.6062065213048251,NEWS_PLUS_MARKET,True,0.6150336326651326,0.3382684979658229,11,3.8041600050011106,0.6150336326651326,True,0.2010519832283712,0.07036819412992991,"[{""horizon_bars"": 1.0, ""normalized"": -0.13547013471028158, ""return"": -0.00677350673551408, ""weight"": 0.5}, {""horizon_bars"": 4.0, ""normalized"": 0.22929016861170654, ""return"": 0.011464508430585328, ""weight"": 0.3}, {""horizon_bars"": 16.0, ""normalized"": 1.0, ""return"": 0.09568617622473065, ""weight"": 0.2}]",True,0.004768802790509958,125522000.0,138756000.0,0.9046239441898009,0.5,0.6,0.65,UNASSESSED,No quote was available for liquidity/spread assessment.,79.52749633789062,79.5625,0.0004401454053155,NEUTRAL,False,VALID,2020-05-27T13:30:00,2020-05-28T13:30:00,166
58,2020-05-27 00:00:00,bullish,0.7469906505555195,0.7620291979486653,1.0,0.5,0.2411532053503199,bullish,BULLISH,0.6062065213048251,NEWS_PLUS_MARKET,True,0.6150336326651326,0.3382684979658229,11,3.8041600050011106,0.6150336326651326,True,0.2010519832283712,0.07036819412992991,"[{""horizon_bars"": 1.0, ""normalized"": -0.13547013471028158, ""return"": -0.00677350673551408, ""weight"": 0.5}, {""horizon_bars"": 4.0, ""normalized"": 0.22929016861170654, ""return"": 0.011464508430585328, ""weight"": 0.3}, {""horizon_bars"": 16.0, ""normalized"": 1.0, ""return"": 0.09568617622473065, ""weight"": 0.2}]",True,0.004768802790509958,125522000.0,138756000.0,0.9046239441898009,0.5,0.6,0.65,UNASSESSED,No quote was available for liquidity/spread assessment.,79.52749633789062,79.5625,0.0004401454053155,NEUTRAL,False,VALID,2020-05-27T13:30:00,2020-05-28T13:30:00,168
59,2020-05-27 00:00:00,bullish,0.6525942971446682,0.6860333553322897,1.0,0.5,0.2411532053503199,bullish,BULLISH,0.6062065213048251,NEWS_PLUS_MARKET,True,0.6150336326651326,0.3382684979658229,11,3.8041600050011106,0.6150336326651326,True,0.2010519832283712,0.07036819412992991,"[{""horizon_bars"": 1.0, ""normalized"": -0.13547013471028158, ""return"": -0.00677350673551408, ""weight"": 0.5}, {""horizon_bars"": 4.0, ""normalized"": 0.22929016861170654, ""return"": 0.011464508430585328, ""weight"": 0.3}, {""horizon_bars"": 16.0, ""normalized"": 1.0, ""return"": 0.09568617622473065, ""weight"": 0.2}]",True,0.004768802790509958,125522000.0,138756000.0,0.9046239441898009,0.5,0.6,0.65,UNASSESSED,No quote was available for liquidity/spread assessment.,79.52749633789062,79.5625,0.0004401454053155,NEUTRAL,False,VALID,2020-05-27T13:30:00,2020-05-28T13:30:00,170
60,2020-05-27 00:00:00,neutral,0.03952879344932335,0.9335635695702961,1.0,0.5,0.2411532053503199,bullish,BULLISH,0.6062065213048251,NEWS_PLUS_MARKET,True,0.6150336326651326,0.3382684979658229,11,3.8041600050011106,0.6150336326651326,True,0.2010519832283712,0.07036819412992991,"[{""horizon_bars"": 1.0, ""normalized"": -0.13547013471028158, ""return"": -0.00677350673551408, ""weight"": 0.5}, {""horizon_bars"": 4.0, ""normalized"": 0.22929016861170654, ""return"": 0.011464508430585328, ""weight"": 0.3}, {""horizon_bars"": 16.0, ""normalized"": 1.0, ""return"": 0.09568617622473065, ""weight"": 0.2}]",True,0.004768802790509958,125522000.0,138756000.0,0.9046239441898009,0.5,0.6,0.65,UNASSESSED,No quote was available for liquidity/spread assessment.,79.52749633789062,79.5625,0.0004401454053155,NEUTRAL,False,VALID,2020-05-27T13:30:00,2020-05-28T13:30:00,172
61,2020-05-27 00:00:00,bullish,0.6054620689094067,0.6180213165380738,1.0,0.5,0.2411532053503199,bullish,BULLISH,0.6062065213048251,NEWS_PLUS_MARKET,True,0.6150336326651326,0.3382684979658229,11,3.8041600050011106,0.6150336326651326,True,0.2010519832283712,0.07036819412992991,"[{""horizon_bars"": 1.0, ""normalized"": -0.13547013471028158, ""return"": -0.00677350673551408, ""weight"": 0.5}, {""horizon_bars"": 4.0, ""normalized"": 0.22929016861170654, ""return"": 0.011464508430585328, ""weight"": 0.3}, {""horizon_bars"": 16.0, ""normalized"": 1.0, ""return"": 0.09568617622473065, ""weight"": 0.2}]",True,0.004768802790509958,125522000.0,138756000.0,0.9046239441898009,0.5,0.6,0.65,UNASSESSED,No quote was available for liquidity/spread assessment.,79.52749633789062,79.5625,0.0004401454053155,NEUTRAL,False,VALID,2020-05-27T13:30:00,2020-05-28T13:30:00,174
91,2020-05-27 00:00:00,bullish,0.8486283885168753,0.8579119244145247,1.0,0.5,0.3372885410824009,bullish,BULLISH,0.6364598535088661,NEWS_PLUS_MARKET,True,1.0,0.55,3,1.0776456982550235,1.0,True,0.07107212994108564,0.02487524547937997,"[{""horizon_bars"": 1.0, ""normalized"": -0.12327228911950949, ""return"": -0.006163614455975475, ""weight"": 0.5}, {""horizon_bars"": 4.0, ""normalized"": -0.22430575166386543, ""return"": -0.011215287583193272, ""weight"": 0.3}, {""horizon_bars"": 16.0, ""normalized"": 1.0, ""return"": 0.05941278586700443, ""weight"": 0.2}]",True,0.0033336820904501575,71364000.0,76462000.0,0.9333263581909969,0.5,0.6,0.65,UNASSESSED,No quote was available for liquidity/spread assessment.,120.51950073242188,120.05500030517578,-0.0038541516055345,BEARISH,False,VALID,2020-05-27T13:30:00,2020-05-28T13:30:00,176
92,2020-05-27 00:00:00,bullish,0.20178678324440508,0.7823664137976997,1.0,0.5,0.3372885410824009,bullish,BULLISH,0.6364598535088661,NEWS_PLUS_MARKET,True,1.0,0.55,3,1.0776456982550235,1.0,True,0.07107212994108564,0.02487524547937997,"[{""horizon_bars"": 1.0, ""normalized"": -0.12327228911950949, ""return"": -0.006163614455975475, ""weight"": 0.5}, {""horizon_bars"": 4.0, ""normalized"": -0.22430575166386543, ""return"": -0.011215287583193272, ""weight"": 0.3}, {""horizon_bars"": 16.0, ""normalized"": 1.0, ""return"": 0.05941278586700443, ""weight"": 0.2}]",True,0.0033336820904501575,71364000.0,76462000.0,0.9333263581909969,0.5,0.6,0.65,UNASSESSED,No quote was available for liquidity/spread assessment.,120.51950073242188,120.05500030517578,-0.0038541516055345,BEARISH,False,VALID,2020-05-27T13:30:00,2020-05-28T13:30:00,178
93,2020-05-27 00:00:00,bullish,0.4266805584237187,0.5150130582978225,1.0,0.5,0.3372885410824009,bullish,BULLISH,0.6364598535088661,NEWS_PLUS_MARKET,True,1.0,0.55,3,1.0776456982550235,1.0,True,0.07107212994108564,0.02487524547937997,"[{""horizon_bars"": 1.0, ""normalized"": -0.12327228911950949, ""return"": -0.006163614455975475, ""weight"": 0.5}, {""horizon_bars"": 4.0, ""normalized"": -0.22430575166386543, ""return"": -0.011215287583193272, ""weight"": 0.3}, {""horizon_bars"": 16.0, ""normalized"": 1.0, ""return"": 0.05941278586700443, ""weight"": 0.2}]",True,0.0033336820904501575,71364000.0,76462000.0,0.9333263581909969,0.5,0.6,0.65,UNASSESSED,No quote was available for liquidity/spread assessment.,120.51950073242188,120.05500030517578,-0.0038541516055345,BEARISH,False,VALID,2020-05-27T13:30:00,2020-05-28T13:30:00,180
132,2020-05-27 00:00:00,bearish,-0.9415059105563253,0.9531194016016992,1.0,0.5,0.1773695039435601,neutral,NEUTRAL,0.5922267028015888,NEWS_PLUS_MARKET,True,0.22881779471014072,0.1258497870905774,4,1.2359198579322201,0.22881779471014072,True,0.46257563072974334,0.16190147075541017,"[{""horizon_bars"": 1.0, ""normalized"": 0.11505310517058759, ""return"": 0.00575265525852938, ""weight"": 0.5}, {""horizon_bars"": 4.0, ""normalized"": 0.6834969271481652, ""return"": 0.034174846357408264, ""weight"": 0.3}, {""horizon_bars"": 16.0, ""normalized"": 1.0, ""return"": 0.0789861172952564, ""weight"": 0.2}]",True,0.016310748914401287,44590000.0,33622000.0,1.3262149782880257,0.5,0.6,0.65,UNASSESSED,No quote was available for liquidity/spread assessment.,71.01399993896484,70.91200256347656,-0.0014362995405968,BEARISH,False,VALID,2020-05-27T13:30:00,2020-05-28T13:30:00,182
133,2020-05-27 00:00:00,bullish,0.5262564221698884,0.5429097939275791,1.0,0.5,0.1773695039435601,neutral,NEUTRAL,0.5922267028015888,NEWS_PLUS_MARKET,True,0.22881779471014072,0.1258497870905774,4,1.2359198579322201,0.22881779471014072,True,0.46257563072974334,0.16190147075541017,"[{""horizon_bars"": 1.0, ""normalized"": 0.11505310517058759, ""return"": 0.00575265525852938, ""weight"": 0.5}, {""horizon_bars"": 4.0, ""normalized"": 0.6834969271481652, ""return"": 0.034174846357408264, ""weight"": 0.3}, {""horizon_bars"": 16.0, ""normalized"": 1.0, ""return"": 0.0789861172952564, ""weight"": 0.2}]",True,0.016310748914401287,44590000.0,33622000.0,1.3262149782880257,0.5,0.6,0.65,UNASSESSED,No quote was available for liquidity/spread assessment.,71.01399993896484,70.91200256347656,-0.0014362995405968,BEARISH,False,VALID,2020-05-27T13:30:00,2020-05-28T13:30:00,184
182,2020-05-27 00:00:00,bearish,-0.6751875854132248,0.8214861903616449,1.0,0.5,-0.0399096016664772,neutral,NEUTRAL,0.5347843369664915,NEWS_PLUS_MARKET,True,0.04266090037600808,0.023463495206804446,6,2.1378099998388542,0.04266090037600808,True,-0.20157371375558647,-0.07055079981445526,"[{""horizon_bars"": 1.0, ""normalized"": -0.6835624845940852, ""return"": -0.03417812422970426, ""weight"": 0.5}, {""horizon_bars"": 4.0, ""normalized"": -0.1993082381951463, ""return"": -0.009965411909757315, ""weight"": 0.3}, {""horizon_bars"": 16.0, ""normalized"": 1.0, ""return"": 0.23314939292380266, ""weight"": 0.2}]",True,-0.0213291553920244,770780000.0,540298000.0,1.426583107840488,0.5,0.6,0.65,UNASSESSED,No quote was available for liquidity/spread assessment.,8.525250434875488,8.487000465393066,-0.0044866681365683,BEARISH,False,VALID,2020-05-27T13:30:00,2020-05-28T13:30:00,186
183,2020-05-27 00:00:00,bearish,-0.9502128100878682,0.9659269110251008,1.0,0.5,-0.0399096016664772,neutral,NEUTRAL,0.5347843369664915,NEWS_PLUS_MARKET,True,0.04266090037600808,0.023463495206804446,6,2.1378099998388542,0.04266090037600808,True,-0.20157371375558647,-0.07055079981445526,"[{""horizon_bars"": 1.0, ""normalized"": -0.6835624845940852, ""return"": -0.03417812422970426, ""weight"": 0.5}, {""horizon_bars"": 4.0, ""normalized"": -0.1993082381951463, ""return"": -0.009965411909757315, ""weight"": 0.3}, {""horizon_bars"": 16.0, ""normalized"": 1.0, ""return"": 0.23314939292380266, ""weight"": 0.2}]",True,-0.0213291553920244,770780000.0,540298000.0,1.426583107840488,0.5,0.6,0.65,UNASSESSED,No quote was available for liquidity/spread assessment.,8.525250434875488,8.487000465393066,-0.0044866681365683,BEARISH,False,VALID,2020-05-27T13:30:00,2020-05-28T13:30:00,188
62,2020-05-28 00:00:00,bearish,-0.8147968771278393,0.8396846181107256,1.0,0.5,0.1165173850309563,neutral,NEUTRAL,0.5633072335598115,NEWS_PLUS_MARKET,True,0.20661643023132867,0.11363903662723078,15,4.3254749099365695,0.20661643023132867,True,0.2225182882325918,0.07788140088140712,"[{""horizon_bars"": 1.0, ""normalized"": 0.08713884490686563, ""return"": 0.004356942245343282, ""weight"": 0.5}, {""horizon_bars"": 4.0, ""normalized"": -0.07017044740280343, ""return"": -0.0035085223701401716, ""weight"": 0.3}, {""horizon_bars"": 16.0, ""normalized"": 1.0, ""return"": 0.08510704522370656, ""weight"": 0.2}]",True,0.00822365111585875,112945200.0,135178400.0,0.835526977682825,0.5,0.6,0.65,UNASSESSED,No quote was available for liquidity/spread assessment.,79.5625,79.48500061035156,-0.0009740693121563,NEUTRAL,True,VALID,2020-05-28T13:30:00,2020-05-29T13:30:00,190
63,2020-05-28 00:00:00,neutral,-0.11191486311720045,0.49513690217105427,1.0,0.5,0.1165173850309563,neutral,NEUTRAL,0.5633072335598115,NEWS_PLUS_MARKET,True,0.20661643023132867,0.11363903662723078,15,4.3254749099365695,0.20661643023132867,True,0.2225182882325918,0.07788140088140712,"[{""horizon_bars"": 1.0, ""normalized"": 0.08713884490686563, ""return"": 0.004356942245343282, ""weight"": 0.5}, {""horizon_bars"": 4.0, ""normalized"": -0.07017044740280343, ""return"": -0.0035085223701401716, ""weight"": 0.3}, {""horizon_bars"": 16.0, ""normalized"": 1.0, ""return"": 0.08510704522370656, ""weight"": 0.2}]",True,0.00822365111585875,112945200.0,135178400.0,0.835526977682825,0.5,0.6,0.65,UNASSESSED,No quote was available for liquidity/spread assessment.,79.5625,79.48500061035156,-0.0009740693121563,NEUTRAL,True,VALID,2020-05-28T13:30:00,2020-05-29T13:30:00,192
64,2020-05-28 00:00:00,neutral,0.04417998180625989,0.9322666378239796,1.0,0.5,0.1165173850309563,neutral,NEUTRAL,0.5633072335598115,NEWS_PLUS_MARKET,True,0.20661643023132867,0.11363903662723078,15,4.3254749099365695,0.20661643023132867,True,0.2225182882325918,0.07788140088140712,"[{""horizon_bars"": 1.0, ""normalized"": 0.08713884490686563, ""return"": 0.004356942245343282, ""weight"": 0.5}, {""horizon_bars"": 4.0, ""normalized"": -0.07017044740280343, ""return"": -0.0035085223701401716, ""weight"": 0.3}, {""horizon_bars"": 16.0, ""normalized"": 1.0, ""return"": 0.08510704522370656, ""weight"": 0.2}]",True,0.00822365111585875,112945200.0,135178400.0,0.835526977682825,0.5,0.6,0.65,UNASSESSED,No quote was available for liquidity/spread assessment.,79.5625,79.48500061035156,-0.0009740693121563,NEUTRAL,True,VALID,2020-05-28T13:30:00,2020-05-29T13:30:00,194
65,2020-05-28 00:00:00,bearish,-0.8316558076431579,0.8603071147478027,1.0,0.5,0.1165173850309563,neutral,NEUTRAL,0.5633072335598115,NEWS_PLUS_MARKET,True,0.20661643023132867,0.11363903662723078,15,4.3254749099365695,0.20661643023132867,True,0.2225182882325918,0.07788140088140712,"[{""horizon_bars"": 1.0, ""normalized"": 0.08713884490686563, ""return"": 0.004356942245343282, ""weight"": 0.5}, {""horizon_bars"": 4.0, ""normalized"": -0.07017044740280343, ""return"": -0.0035085223701401716, ""weight"": 0.3}, {""horizon_bars"": 16.0, ""normalized"": 1.0, ""return"": 0.08510704522370656, ""weight"": 0.2}]",True,0.00822365111585875,112945200.0,135178400.0,0.835526977682825,0.5,0.6,0.65,UNASSESSED,No quote was available for liquidity/spread assessment.,79.5625,79.48500061035156,-0.0009740693121563,NEUTRAL,True,VALID,2020-05-28T13:30:00,2020-05-29T13:30:00,196
94,2020-05-28 00:00:00,bearish,-0.9232570201613524,0.9330794345552023,1.0,0.5,-0.0091965693453795,neutral,NEUTRAL,0.5204181303378338,NEWS_PLUS_MARKET,True,0.031543861555783474,0.017349123855680913,7,2.3368823361231126,0.031543861555783474,True,-0.09461334658543694,-0.03311467130490293,"[{""horizon_bars"": 1.0, ""normalized"": -0.09472084694071321, ""return"": -0.004736042347035661, ""weight"": 0.5}, {""horizon_bars"": 4.0, ""normalized"": -0.7009779786811643, ""return"": -0.035048898934058215, ""weight"": 0.3}, {""horizon_bars"": 16.0, ""normalized"": 0.8152023524463449, ""return"": 0.040760117622317245, ""weight"": 0.2}]",True,0.0,101138000.0,72962000.0,1.386173624626518,0.5,0.6,0.65,UNASSESSED,No quote was available for liquidity/spread assessment.,120.05500030517578,122.11849975585938,0.0171879509011556,BULLISH,False,VALID,2020-05-28T13:30:00,2020-05-29T13:30:00,198
95,2020-05-28 00:00:00,neutral,-0.0627856927639126,0.8711290315136072,1.0,0.5,-0.0091965693453795,neutral,NEUTRAL,0.5204181303378338,NEWS_PLUS_MARKET,True,0.031543861555783474,0.017349123855680913,7,2.3368823361231126,0.031543861555783474,True,-0.09461334658543694,-0.03311467130490293,"[{""horizon_bars"": 1.0, ""normalized"": -0.09472084694071321, ""return"": -0.004736042347035661, ""weight"": 0.5}, {""horizon_bars"": 4.0, ""normalized"": -0.7009779786811643, ""return"": -0.035048898934058215, ""weight"": 0.3}, {""horizon_bars"": 16.0, ""normalized"": 0.8152023524463449, ""return"": 0.040760117622317245, ""weight"": 0.2}]",True,0.0,101138000.0,72962000.0,1.386173624626518,0.5,0.6,0.65,UNASSESSED,No quote was available for liquidity/spread assessment.,120.05500030517578,122.11849975585938,0.0171879509011556,BULLISH,False,VALID,2020-05-28T13:30:00,2020-05-29T13:30:00,200
96,2020-05-28 00:00:00,neutral,0.14654026289686756,0.7889701782835288,1.0,0.5,-0.0091965693453795,neutral,NEUTRAL,0.5204181303378338,NEWS_PLUS_MARKET,True,0.031543861555783474,0.017349123855680913,7,2.3368823361231126,0.031543861555783474,True,-0.09461334658543694,-0.03311467130490293,"[{""horizon_bars"": 1.0, ""normalized"": -0.09472084694071321, ""return"": -0.004736042347035661, ""weight"": 0.5}, {""horizon_bars"": 4.0, ""normalized"": -0.7009779786811643, ""return"": -0.035048898934058215, ""weight"": 0.3}, {""horizon_bars"": 16.0, ""normalized"": 0.8152023524463449, ""return"": 0.040760117622317245, ""weight"": 0.2}]",True,0.0,101138000.0,72962000.0,1.386173624626518,0.5,0.6,0.65,UNASSESSED,No quote was available for liquidity/spread assessment.,120.05500030517578,122.11849975585938,0.0171879509011556,BULLISH,False,VALID,2020-05-28T13:30:00,2020-05-29T13:30:00,202
97,2020-05-28 00:00:00,bearish,-0.41339860756705643,0.5000390037865189,1.0,0.5,-0.0091965693453795,neutral,NEUTRAL,0.5204181303378338,NEWS_PLUS_MARKET,True,0.031543861555783474,0.017349123855680913,7,2.3368823361231126,0.031543861555783474,True,-0.09461334658543694,-0.03311467130490293,"[{""horizon_bars"": 1.0, ""normalized"": -0.09472084694071321, ""return"": -0.004736042347035661, ""weight"": 0.5}, {""horizon_bars"": 4.0, ""normalized"": -0.7009779786811643, ""return"": -0.035048898934058215, ""weight"": 0.3}, {""horizon_bars"": 16.0, ""normalized"": 0.8152023524463449, ""return"": 0.040760117622317245, ""weight"": 0.2}]",True,0.0,101138000.0,72962000.0,1.386173624626518,0.5,0.6,0.65,UNASSESSED,No quote was available for liquidity/spread assessment.,120.05500030517578,122.11849975585938,0.0171879509011556,BULLISH,False,VALID,2020-05-28T13:30:00,2020-05-29T13:30:00,204
134,2020-05-28 00:00:00,neutral,-0.009362755604910358,0.9466539289798754,1.0,0.5,0.0274476150660138,neutral,NEUTRAL,0.4027394376691123,NEWS_PLUS_MARKET,True,-0.0729597790122159,-0.040127878456718745,10,3.529340529856901,0.0729597790122159,True,0.23967913207451805,0.08388769622608132,"[{""horizon_bars"": 1.0, ""normalized"": -0.015336405767416095, ""return"": -0.0007668202883708048, ""weight"": 0.5}, {""horizon_bars"": 4.0, ""normalized"": 0.1578244498607536, ""return"": 0.007891222493037682, ""weight"": 0.3}, {""horizon_bars"": 16.0, ""normalized"": 1.0, ""return"": 0.07361105968714002, ""weight"": 0.2}]",True,0.003293236629518248,31684000.0,33918000.0,0.934135267409635,0.5,0.6,0.65,UNASSESSED,No quote was available for liquidity/spread assessment.,70.91200256347656,71.6760025024414,0.0107739157173138,BULLISH,False,VALID,2020-05-28T13:30:00,2020-05-29T13:30:00,206
135,2020-05-28 00:00:00,neutral,-0.021605328530271674,0.9141291124421772,1.0,0.5,0.0274476150660138,neutral,NEUTRAL,0.4027394376691123,NEWS_PLUS_MARKET,True,-0.0729597790122159,-0.040127878456718745,10,3.529340529856901,0.0729597790122159,True,0.23967913207451805,0.08388769622608132,"[{""horizon_bars"": 1.0, ""normalized"": -0.015336405767416095, ""return"": -0.0007668202883708048, ""weight"": 0.5}, {""horizon_bars"": 4.0, ""normalized"": 0.1578244498607536, ""return"": 0.007891222493037682, ""weight"": 0.3}, {""horizon_bars"": 16.0, ""normalized"": 1.0, ""return"": 0.07361105968714002, ""weight"": 0.2}]",True,0.003293236629518248,31684000.0,33918000.0,0.934135267409635,0.5,0.6,0.65,UNASSESSED,No quote was available for liquidity/spread assessment.,70.91200256347656,71.6760025024414,0.0107739157173138,BULLISH,False,VALID,2020-05-28T13:30:00,2020-05-29T13:30:00,208
136,2020-05-28 00:00:00,neutral,0.0587437514474964,0.9181329146221491,1.0,0.5,0.0274476150660138,neutral,NEUTRAL,0.4027394376691123,NEWS_PLUS_MARKET,True,-0.0729597790122159,-0.040127878456718745,10,3.529340529856901,0.0729597790122159,True,0.23967913207451805,0.08388769622608132,"[{""horizon_bars"": 1.0, ""normalized"": -0.015336405767416095, ""return"": -0.0007668202883708048, ""weight"": 0.5}, {""horizon_bars"": 4.0, ""normalized"": 0.1578244498607536, ""return"": 0.007891222493037682, ""weight"": 0.3}, {""horizon_bars"": 16.0, ""normalized"": 1.0, ""return"": 0.07361105968714002, ""weight"": 0.2}]",True,0.003293236629518248,31684000.0,33918000.0,0.934135267409635,0.5,0.6,0.65,UNASSESSED,No quote was available for liquidity/spread assessment.,70.91200256347656,71.6760025024414,0.0107739157173138,BULLISH,False,VALID,2020-05-28T13:30:00,2020-05-29T13:30:00,210
137,2020-05-28 00:00:00,neutral,0.10075653078831351,0.8635026265697753,1.0,0.5,0.0274476150660138,neutral,NEUTRAL,0.4027394376691123,NEWS_PLUS_MARKET,True,-0.0729597790122159,-0.040127878456718745,10,3.529340529856901,0.0729597790122159,True,0.23967913207451805,0.08388769622608132,"[{""horizon_bars"": 1.0, ""normalized"": -0.015336405767416095, ""return"": -0.0007668202883708048, ""weight"": 0.5}, {""horizon_bars"": 4.0, ""normalized"": 0.1578244498607536, ""return"": 0.007891222493037682, ""weight"": 0.3}, {""horizon_bars"": 16.0, ""normalized"": 1.0, ""return"": 0.07361105968714002, ""weight"": 0.2}]",True,0.003293236629518248,31684000.0,33918000.0,0.934135267409635,0.5,0.6,0.65,UNASSESSED,No quote was available for liquidity/spread assessment.,70.91200256347656,71.6760025024414,0.0107739157173138,BULLISH,False,VALID,2020-05-28T13:30:00,2020-05-29T13:30:00,212
138,2020-05-28 00:00:00,neutral,0.11928452146434816,0.8630543068601917,1.0,0.5,0.0274476150660138,neutral,NEUTRAL,0.4027394376691123,NEWS_PLUS_MARKET,True,-0.0729597790122159,-0.040127878456718745,10,3.529340529856901,0.0729597790122159,True,0.23967913207451805,0.08388769622608132,"[{""horizon_bars"": 1.0, ""normalized"": -0.015336405767416095, ""return"": -0.0007668202883708048, ""weight"": 0.5}, {""horizon_bars"": 4.0, ""normalized"": 0.1578244498607536, ""return"": 0.007891222493037682, ""weight"": 0.3}, {""horizon_bars"": 16.0, ""normalized"": 1.0, ""return"": 0.07361105968714002, ""weight"": 0.2}]",True,0.003293236629518248,31684000.0,33918000.0,0.934135267409635,0.5,0.6,0.65,UNASSESSED,No quote was available for liquidity/spread assessment.,70.91200256347656,71.6760025024414,0.0107739157173138,BULLISH,False,VALID,2020-05-28T13:30:00,2020-05-29T13:30:00,214
139,2020-05-28 00:00:00,bearish,-0.807197644770321,0.8351497623957871,1.0,0.5,0.0274476150660138,neutral,NEUTRAL,0.4027394376691123,NEWS_PLUS_MARKET,True,-0.0729597790122159,-0.040127878456718745,10,3.529340529856901,0.0729597790122159,True,0.23967913207451805,0.08388769622608132,"[{""horizon_bars"": 1.0, ""normalized"": -0.015336405767416095, ""return"": -0.0007668202883708048, ""weight"": 0.5}, {""horizon_bars"": 4.0, ""normalized"": 0.1578244498607536, ""return"": 0.007891222493037682, ""weight"": 0.3}, {""horizon_bars"": 16.0, ""normalized"": 1.0, ""return"": 0.07361105968714002, ""weight"": 0.2}]",True,0.003293236629518248,31684000.0,33918000.0,0.934135267409635,0.5,0.6,0.65,UNASSESSED,No quote was available for liquidity/spread assessment.,70.91200256347656,71.6760025024414,0.0107739157173138,BULLISH,False,VALID,2020-05-28T13:30:00,2020-05-29T13:30:00,216
184,2020-05-28 00:00:00,bullish,0.5399265629488341,0.5471868145743508,1.0,0.5,-0.0484777808810154,neutral,NEUTRAL,0.4210804633839786,NEWS_PLUS_MARKET,True,0.1423668736071406,0.07830178048392733,7,1.7206804060397434,0.1423668736071406,True,-0.318304422024358,-0.11140654770852529,"[{""horizon_bars"": 1.0, ""normalized"": -0.44162580871290413, ""return"": -0.022081290435645207, ""weight"": 0.5}, {""horizon_bars"": 4.0, ""normalized"": -0.9916383922263531, ""return"": -0.04958191961131766, ""weight"": 0.3}, {""horizon_bars"": 16.0, ""normalized"": 1.0, ""return"": 0.1706890754541731, ""weight"": 0.2}]",True,-0.05,1175892000.0,587536000.0,2.001395659159609,0.5,0.6,0.65,UNASSESSED,No quote was available for liquidity/spread assessment.,8.487000465393066,8.875499725341797,0.0457758028331554,BULLISH,False,VALID,2020-05-28T13:30:00,2020-05-29T13:30:00,218
195,2020-05-28 00:00:00,bullish,0.7080036239402059,0.7161748120040087,1.0,0.5,0.2810724098629414,bullish,BULLISH,0.6279420243793199,NEWS_PLUS_MARKET,True,0.711134071779199,0.39112373947855944,4,1.4613224519939743,0.711134071779199,True,0.2509651386944125,0.08783779854304437,"[{""horizon_bars"": 1.0, ""normalized"": 0.03321689438528551, ""return"": 0.0016608447192642754, ""weight"": 0.5}, {""horizon_bars"": 4.0, ""normalized"": 0.11452230500589913, ""return"": 0.005726115250294957, ""weight"": 0.3}, {""horizon_bars"": 16.0, ""normalized"": 1.0, ""return"": 0.07756278227696976, ""weight"": 0.2}]",True,0.0028768788862957584,173242500.0,183819000.0,0.9424624222740848,0.5,0.6,0.65,UNASSESSED,No quote was available for liquidity/spread assessment.,53.72066879272461,55.66666793823242,0.0362244028088376,BULLISH,True,VALID,2020-05-28T13:30:00,2020-05-29T13:30:00,220
196,2020-05-28 00:00:00,bullish,0.8136995259238182,0.8203467906369827,1.0,0.5,0.2810724098629414,bullish,BULLISH,0.6279420243793199,NEWS_PLUS_MARKET,True,0.711134071779199,0.39112373947855944,4,1.4613224519939743,0.711134071779199,True,0.2509651386944125,0.08783779854304437,"[{""horizon_bars"": 1.0, ""normalized"": 0.03321689438528551, ""return"": 0.0016608447192642754, ""weight"": 0.5}, {""horizon_bars"": 4.0, ""normalized"": 0.11452230500589913, ""return"": 0.005726115250294957, ""weight"": 0.3}, {""horizon_bars"": 16.0, ""normalized"": 1.0, ""return"": 0.07756278227696976, ""weight"": 0.2}]",True,0.0028768788862957584,173242500.0,183819000.0,0.9424624222740848,0.5,0.6,0.65,UNASSESSED,No quote was available for liquidity/spread assessment.,53.72066879272461,55.66666793823242,0.0362244028088376,BULLISH,True,VALID,2020-05-28T13:30:00,2020-05-29T13:30:00,222
197,2020-05-28 00:00:00,bullish,0.43980311140583084,0.5418707682966842,1.0,0.5,0.2810724098629414,bullish,BULLISH,0.6279420243793199,NEWS_PLUS_MARKET,True,0.711134071779199,0.39112373947855944,4,1.4613224519939743,0.711134071779199,True,0.2509651386944125,0.08783779854304437,"[{""horizon_bars"": 1.0, ""normalized"": 0.03321689438528551, ""return"": 0.0016608447192642754, ""weight"": 0.5}, {""horizon_bars"": 4.0, ""normalized"": 0.11452230500589913, ""return"": 0.005726115250294957, ""weight"": 0.3}, {""horizon_bars"": 16.0, ""normalized"": 1.0, ""return"": 0.07756278227696976, ""weight"": 0.2}]",True,0.0028768788862957584,173242500.0,183819000.0,0.9424624222740848,0.5,0.6,0.65,UNASSESSED,No quote was available for liquidity/spread assessment.,53.72066879272461,55.66666793823242,0.0362244028088376,BULLISH,True,VALID,2020-05-28T13:30:00,2020-05-29T13:30:00,224
198,2020-05-28 00:00:00,neutral,0.12643180136704296,0.8442525330502728,1.0,0.5,0.2810724098629414,bullish,BULLISH,0.6279420243793199,NEWS_PLUS_MARKET,True,0.711134071779199,0.39112373947855944,4,1.4613224519939743,0.711134071779199,True,0.2509651386944125,0.08783779854304437,"[{""horizon_bars"": 1.0, ""normalized"": 0.03321689438528551, ""return"": 0.0016608447192642754, ""weight"": 0.5}, {""horizon_bars"": 4.0, ""normalized"": 0.11452230500589913, ""return"": 0.005726115250294957, ""weight"": 0.3}, {""horizon_bars"": 16.0, ""normalized"": 1.0, ""return"": 0.07756278227696976, ""weight"": 0.2}]",True,0.0028768788862957584,173242500.0,183819000.0,0.9424624222740848,0.5,0.6,0.65,UNASSESSED,No quote was available for liquidity/spread assessment.,53.72066879272461,55.66666793823242,0.0362244028088376,BULLISH,True,VALID,2020-05-28T13:30:00,2020-05-29T13:30:00,226
66,2020-05-29 00:00:00,bearish,-0.9320947785553355,0.9562062736273382,1.0,0.5,0.051791984789531,neutral,NEUTRAL,0.5361009887490464,NEWS_PLUS_MARKET,True,0.013844922046733371,0.007614707125703355,16,3.3442092788784423,0.013844922046733371,True,0.23091230529853024,0.08081930685448557,"[{""horizon_bars"": 1.0, ""normalized"": 0.008802908106311808, ""return"": 0.0004401454053155904, ""weight"": 0.5}, {""horizon_bars"": 4.0, ""normalized"": 0.08836950415124774, ""return"": 0.004418475207562387, ""weight"": 0.3}, {""horizon_bars"": 16.0, ""normalized"": 1.0, ""return"": 0.06953220396277257, ""weight"": 0.2}]",True,0.00035224565900717213,133560800.0,134508400.0,0.9929550868198566,0.5,0.6,0.65,UNASSESSED,No quote was available for liquidity/spread assessment.,79.48500061035156,80.4625015258789,0.0122979292699412,BULLISH,False,VALID,2020-05-29T13:30:00,2020-06-01T13:30:00,228
98,2020-05-29 00:00:00,neutral,0.07592667700650749,0.8993923891584714,1.0,0.5,0.014114337072443,neutral,NEUTRAL,0.5121683097679742,NEWS_PLUS_MARKET,True,0.04825937383109255,0.026542655607100906,11,3.228180287287847,0.04825937383109255,True,-0.006704711991995682,-0.0023466491971984886,"[{""horizon_bars"": 1.0, ""normalized"": -0.07708303211069226, ""return"": -0.003854151605534613, ""weight"": 0.5}, {""horizon_bars"": 4.0, ""normalized"": -0.37306746417436154, ""return"": -0.01865337320871808, ""weight"": 0.3}, {""horizon_bars"": 16.0, ""normalized"": 0.7187852165782945, ""return"": 0.03593926082891473, ""weight"": 0.2}]",True,0.0,63804000.0,76462000.0,0.8344537155711333,0.5,0.6,0.65,UNASSESSED,No quote was available for liquidity/spread assessment.,122.11849975585938,123.552001953125,0.0117386161812624,BULLISH,False,VALID,2020-05-29T13:30:00,2020-06-01T13:30:00,230
99,2020-05-29 00:00:00,bullish,0.17788155879738365,0.8023508123856435,1.0,0.5,0.014114337072443,neutral,NEUTRAL,0.5121683097679742,NEWS_PLUS_MARKET,True,0.04825937383109255,0.026542655607100906,11,3.228180287287847,0.04825937383109255,True,-0.006704711991995682,-0.0023466491971984886,"[{""horizon_bars"": 1.0, ""normalized"": -0.07708303211069226, ""return"": -0.003854151605534613, ""weight"": 0.5}, {""horizon_bars"": 4.0, ""normalized"": -0.37306746417436154, ""return"": -0.01865337320871808, ""weight"": 0.3}, {""horizon_bars"": 16.0, ""normalized"": 0.7187852165782945, ""return"": 0.03593926082891473, ""weight"": 0.2}]",True,0.0,63804000.0,76462000.0,0.8344537155711333,0.5,0.6,0.65,UNASSESSED,No quote was available for liquidity/spread assessment.,122.11849975585938,123.552001953125,0.0117386161812624,BULLISH,False,VALID,2020-05-29T13:30:00,2020-06-01T13:30:00,232
100,2020-05-29 00:00:00,bullish,0.43417040891009856,0.5174175443043835,1.0,0.5,0.014114337072443,neutral,NEUTRAL,0.5121683097679742,NEWS_PLUS_MARKET,True,0.04825937383109255,0.026542655607100906,11,3.228180287287847,0.04825937383109255,True,-0.006704711991995682,-0.0023466491971984886,"[{""horizon_bars"": 1.0, ""normalized"": -0.07708303211069226, ""return"": -0.003854151605534613, ""weight"": 0.5}, {""horizon_bars"": 4.0, ""normalized"": -0.37306746417436154, ""return"": -0.01865337320871808, ""weight"": 0.3}, {""horizon_bars"": 16.0, ""normalized"": 0.7187852165782945, ""return"": 0.03593926082891473, ""weight"": 0.2}]",True,0.0,63804000.0,76462000.0,0.8344537155711333,0.5,0.6,0.65,UNASSESSED,No quote was available for liquidity/spread assessment.,122.11849975585938,123.552001953125,0.0117386161812624,BULLISH,False,VALID,2020-05-29T13:30:00,2020-06-01T13:30:00,234
101,2020-05-29 00:00:00,bearish,-0.9476231047440898,0.9630375683873439,1.0,0.5,0.014114337072443,neutral,NEUTRAL,0.5121683097679742,NEWS_PLUS_MARKET,True,0.04825937383109255,0.026542655607100906,11,3.228180287287847,0.04825937383109255,True,-0.006704711991995682,-0.0023466491971984886,"[{""horizon_bars"": 1.0, ""normalized"": -0.07708303211069226, ""return"": -0.003854151605534613, ""weight"": 0.5}, {""horizon_bars"": 4.0, ""normalized"": -0.37306746417436154, ""return"": -0.01865337320871808, ""weight"": 0.3}, {""horizon_bars"": 16.0, ""normalized"": 0.7187852165782945, ""return"": 0.03593926082891473, ""weight"": 0.2}]",True,0.0,63804000.0,76462000.0,0.8344537155711333,0.5,0.6,0.65,UNASSESSED,No quote was available for liquidity/spread assessment.,122.11849975585938,123.552001953125,0.0117386161812624,BULLISH,False,VALID,2020-05-29T13:30:00,2020-06-01T13:30:00,236
140,2020-05-29 00:00:00,neutral,0.006997682258452209,0.8978772893231703,1.0,0.5,-0.0839835969345746,neutral,NEUTRAL,0.444115240900603,NEWS_PLUS_MARKET,True,-0.40690018173257875,-0.22379509995291832,15,4.418199661904219,0.40690018173257875,True,0.23464366748093665,0.08212528361832783,"[{""horizon_bars"": 1.0, ""normalized"": -0.028725990811937368, ""return"": -0.0014362995405968685, ""weight"": 0.5}, {""horizon_bars"": 4.0, ""normalized"": 0.1633555429563511, ""return"": 0.008167777147817556, ""weight"": 0.3}, {""horizon_bars"": 16.0, ""normalized"": 1.0, ""return"": 0.05131141642565715, ""weight"": 0.2}]",True,-0.00230206412468027,35170000.0,33622000.0,1.0460412824936054,0.5,0.6,0.65,UNASSESSED,No quote was available for liquidity/spread assessment.,71.6760025024414,71.74349975585938,0.000941699467903,NEUTRAL,True,VALID,2020-05-29T13:30:00,2020-06-01T13:30:00,238
141,2020-05-29 00:00:00,bearish,-0.9532696272455246,0.959967745393079,1.0,0.5,-0.0839835969345746,neutral,NEUTRAL,0.444115240900603,NEWS_PLUS_MARKET,True,-0.40690018173257875,-0.22379509995291832,15,4.418199661904219,0.40690018173257875,True,0.23464366748093665,0.08212528361832783,"[{""horizon_bars"": 1.0, ""normalized"": -0.028725990811937368, ""return"": -0.0014362995405968685, ""weight"": 0.5}, {""horizon_bars"": 4.0, ""normalized"": 0.1633555429563511, ""return"": 0.008167777147817556, ""weight"": 0.3}, {""horizon_bars"": 16.0, ""normalized"": 1.0, ""return"": 0.05131141642565715, ""weight"": 0.2}]",True,-0.00230206412468027,35170000.0,33622000.0,1.0460412824936054,0.5,0.6,0.65,UNASSESSED,No quote was available for liquidity/spread assessment.,71.6760025024414,71.74349975585938,0.000941699467903,NEUTRAL,True,VALID,2020-05-29T13:30:00,2020-06-01T13:30:00,240
142,2020-05-29 00:00:00,bearish,-0.6398082554197502,0.7173818288282923,1.0,0.5,-0.0839835969345746,neutral,NEUTRAL,0.444115240900603,NEWS_PLUS_MARKET,True,-0.40690018173257875,-0.22379509995291832,15,4.418199661904219,0.40690018173257875,True,0.23464366748093665,0.08212528361832783,"[{""horizon_bars"": 1.0, ""normalized"": -0.028725990811937368, ""return"": -0.0014362995405968685, ""weight"": 0.5}, {""horizon_bars"": 4.0, ""normalized"": 0.1633555429563511, ""return"": 0.008167777147817556, ""weight"": 0.3}, {""horizon_bars"": 16.0, ""normalized"": 1.0, ""return"": 0.05131141642565715, ""weight"": 0.2}]",True,-0.00230206412468027,35170000.0,33622000.0,1.0460412824936054,0.5,0.6,0.65,UNASSESSED,No quote was available for liquidity/spread assessment.,71.6760025024414,71.74349975585938,0.000941699467903,NEUTRAL,True,VALID,2020-05-29T13:30:00,2020-06-01T13:30:00,242
143,2020-05-29 00:00:00,bearish,-0.6398082554197502,0.7173818288282923,1.0,0.5,-0.0839835969345746,neutral,NEUTRAL,0.444115240900603,NEWS_PLUS_MARKET,True,-0.40690018173257875,-0.22379509995291832,15,4.418199661904219,0.40690018173257875,True,0.23464366748093665,0.08212528361832783,"[{""horizon_bars"": 1.0, ""normalized"": -0.028725990811937368, ""return"": -0.0014362995405968685, ""weight"": 0.5}, {""horizon_bars"": 4.0, ""normalized"": 0.1633555429563511, ""return"": 0.008167777147817556, ""weight"": 0.3}, {""horizon_bars"": 16.0, ""normalized"": 1.0, ""return"": 0.05131141642565715, ""weight"": 0.2}]",True,-0.00230206412468027,35170000.0,33622000.0,1.0460412824936054,0.5,0.6,0.65,UNASSESSED,No quote was available for liquidity/spread assessment.,71.6760025024414,71.74349975585938,0.000941699467903,NEUTRAL,True,VALID,2020-05-29T13:30:00,2020-06-01T13:30:00,244
144,2020-05-29 00:00:00,bearish,-0.6146292675562749,0.6630569202410489,1.0,0.5,-0.0839835969345746,neutral,NEUTRAL,0.444115240900603,NEWS_PLUS_MARKET,True,-0.40690018173257875,-0.22379509995291832,15,4.418199661904219,0.40690018173257875,True,0.23464366748093665,0.08212528361832783,"[{""horizon_bars"": 1.0, ""normalized"": -0.028725990811937368, ""return"": -0.0014362995405968685, ""weight"": 0.5}, {""horizon_bars"": 4.0, ""normalized"": 0.1633555429563511, ""return"": 0.008167777147817556, ""weight"": 0.3}, {""horizon_bars"": 16.0, ""normalized"": 1.0, ""return"": 0.05131141642565715, ""weight"": 0.2}]",True,-0.00230206412468027,35170000.0,33622000.0,1.0460412824936054,0.5,0.6,0.65,UNASSESSED,No quote was available for liquidity/spread assessment.,71.6760025024414,71.74349975585938,0.000941699467903,NEUTRAL,True,VALID,2020-05-29T13:30:00,2020-06-01T13:30:00,246
199,2020-05-29 00:00:00,bearish,-0.5367183885668008,0.5630973054872475,1.0,0.5,0.089872511913073,neutral,NEUTRAL,0.4750465331084414,NEWS_PLUS_MARKET,True,0.332179783293494,0.18269888081142172,8,2.7073127235284282,0.332179783293494,True,-0.13799842525916833,-0.048299448840708914,"[{""horizon_bars"": 1.0, ""normalized"": -0.3516076324083379, ""return"": -0.017580381620416898, ""weight"": 0.5}, {""horizon_bars"": 4.0, ""normalized"": -0.5265817246589624, ""return"": -0.026329086232948117, ""weight"": 0.3}, {""horizon_bars"": 16.0, ""normalized"": 0.9788995417134466, ""return"": 0.04894497708567233, ""weight"": 0.2}]",True,0.019667731308840992,108834000.0,179403000.0,0.6066453738231802,0.5,0.6,0.65,UNASSESSED,No quote was available for liquidity/spread assessment.,55.66666793823242,59.87333297729492,0.07556883131087,BULLISH,False,VALID,2020-05-29T13:30:00,2020-06-01T13:30:00,248
200,2020-05-29 00:00:00,neutral,-0.02107207192703747,0.927629546838368,1.0,0.5,0.089872511913073,neutral,NEUTRAL,0.4750465331084414,NEWS_PLUS_MARKET,True,0.332179783293494,0.18269888081142172,8,2.7073127235284282,0.332179783293494,True,-0.13799842525916833,-0.048299448840708914,"[{""horizon_bars"": 1.0, ""normalized"": -0.3516076324083379, ""return"": -0.017580381620416898, ""weight"": 0.5}, {""horizon_bars"": 4.0, ""normalized"": -0.5265817246589624, ""return"": -0.026329086232948117, ""weight"": 0.3}, {""horizon_bars"": 16.0, ""normalized"": 0.9788995417134466, ""return"": 0.04894497708567233, ""weight"": 0.2}]",True,0.019667731308840992,108834000.0,179403000.0,0.6066453738231802,0.5,0.6,0.65,UNASSESSED,No quote was available for liquidity/spread assessment.,55.66666793823242,59.87333297729492,0.07556883131087,BULLISH,False,VALID,2020-05-29T13:30:00,2020-06-01T13:30:00,250
201,2020-05-29 00:00:00,bullish,0.8234764718305483,0.8375720077517365,1.0,0.5,0.089872511913073,neutral,NEUTRAL,0.4750465331084414,NEWS_PLUS_MARKET,True,0.332179783293494,0.18269888081142172,8,2.7073127235284282,0.332179783293494,True,-0.13799842525916833,-0.048299448840708914,"[{""horizon_bars"": 1.0, ""normalized"": -0.3516076324083379, ""return"": -0.017580381620416898, ""weight"": 0.5}, {""horizon_bars"": 4.0, ""normalized"": -0.5265817246589624, ""return"": -0.026329086232948117, ""weight"": 0.3}, {""horizon_bars"": 16.0, ""normalized"": 0.9788995417134466, ""return"": 0.04894497708567233, ""weight"": 0.2}]",True,0.019667731308840992,108834000.0,179403000.0,0.6066453738231802,0.5,0.6,0.65,UNASSESSED,No quote was available for liquidity/spread assessment.,55.66666793823242,59.87333297729492,0.07556883131087,BULLISH,False,VALID,2020-05-29T13:30:00,2020-06-01T13:30:00,252
202,2020-05-29 00:00:00,neutral,-0.014285770191674124,0.9430536573883419,1.0,0.5,0.089872511913073,neutral,NEUTRAL,0.4750465331084414,NEWS_PLUS_MARKET,True,0.332179783293494,0.18269888081142172,8,2.7073127235284282,0.332179783293494,True,-0.13799842525916833,-0.048299448840708914,"[{""horizon_bars"": 1.0, ""normalized"": -0.3516076324083379, ""return"": -0.017580381620416898, ""weight"": 0.5}, {""horizon_bars"": 4.0, ""normalized"": -0.5265817246589624, ""return"": -0.026329086232948117, ""weight"": 0.3}, {""horizon_bars"": 16.0, ""normalized"": 0.9788995417134466, ""return"": 0.04894497708567233, ""weight"": 0.2}]",True,0.019667731308840992,108834000.0,179403000.0,0.6066453738231802,0.5,0.6,0.65,UNASSESSED,No quote was available for liquidity/spread assessment.,55.66666793823242,59.87333297729492,0.07556883131087,BULLISH,False,VALID,2020-05-29T13:30:00,2020-06-01T13:30:00,254
102,2020-05-30 00:00:00,neutral,0.007446834997849271,0.9393620122442137,1.0,0.5,0.0720899837117726,neutral,NEUTRAL,0.5440654441054538,NEWS_PLUS_MARKET,True,0.004637609586834223,0.0025506852727588225,12,2.573766978891987,0.004637609586834223,True,0.3403943064958224,0.11913800727353784,"[{""horizon_bars"": 1.0, ""normalized"": 0.343759018023114, ""return"": 0.0171879509011557, ""weight"": 0.5}, {""horizon_bars"": 4.0, ""normalized"": 0.04505728338731988, ""return"": 0.002252864169365994, ""weight"": 0.3}, {""horizon_bars"": 16.0, ""normalized"": 0.7749880623403472, ""return"": 0.03874940311701736, ""weight"": 0.2}]",True,0.0018941366738850385,70198000.0,72962000.0,0.9621172665222992,0.5,0.6,0.65,UNASSESSED,No quote was available for liquidity/spread assessment.,123.552001953125,123.62049865722656,0.0005543957444538,NEUTRAL,True,VALID,2020-06-01T13:30:00,2020-06-02T13:30:00,256
203,2020-05-30 00:00:00,neutral,0.1154121194902694,0.862962927310554,1.0,0.5,0.2103770993430322,bullish,BULLISH,0.5946980237637798,NEWS_PLUS_MARKET,True,0.21246525692052123,0.1168558913062867,10,2.7562103683999677,0.21246525692052123,True,0.6953358093861384,0.2433675332851484,"[{""horizon_bars"": 1.0, ""normalized"": 0.7244880561767537, ""return"": 0.03622440280883769, ""weight"": 0.5}, {""horizon_bars"": 4.0, ""normalized"": 0.4436392709925383, ""return"": 0.022181963549626916, ""weight"": 0.3}, {""horizon_bars"": 16.0, ""normalized"": 1.0, ""return"": 0.06698357344823928, ""weight"": 0.2}]",True,0.000423031425191589,176467500.0,174987000.0,1.0084606285038318,0.5,0.6,0.65,UNASSESSED,No quote was available for liquidity/spread assessment.,59.87333297729492,58.770668029785156,-0.0184166287841018,BEARISH,False,VALID,2020-06-01T13:30:00,2020-06-02T13:30:00,258
204,2020-05-30 00:00:00,neutral,0.051749084754403485,0.8865650081534961,1.0,0.5,0.2103770993430322,bullish,BULLISH,0.5946980237637798,NEWS_PLUS_MARKET,True,0.21246525692052123,0.1168558913062867,10,2.7562103683999677,0.21246525692052123,True,0.6953358093861384,0.2433675332851484,"[{""horizon_bars"": 1.0, ""normalized"": 0.7244880561767537, ""return"": 0.03622440280883769, ""weight"": 0.5}, {""horizon_bars"": 4.0, ""normalized"": 0.4436392709925383, ""return"": 0.022181963549626916, ""weight"": 0.3}, {""horizon_bars"": 16.0, ""normalized"": 1.0, ""return"": 0.06698357344823928, ""weight"": 0.2}]",True,0.000423031425191589,176467500.0,174987000.0,1.0084606285038318,0.5,0.6,0.65,UNASSESSED,No quote was available for liquidity/spread assessment.,59.87333297729492,58.770668029785156,-0.0184166287841018,BEARISH,False,VALID,2020-06-01T13:30:00,2020-06-02T13:30:00,260
67,2020-05-31 00:00:00,bearish,-0.9442245932629353,0.9518178377846711,1.0,0.5,-0.257817272287184,bearish,BEARISH,0.5689511950880791,NEWS_PLUS_MARKET,True,-0.8999085237798863,-0.4949496880789375,7,1.4260989985360955,0.8999085237798863,True,0.17238457584155692,0.06033460154454492,"[{""horizon_bars"": 1.0, ""normalized"": -0.01948138624312647, ""return"": -0.0009740693121563236, ""weight"": 0.5}, {""horizon_bars"": 4.0, ""normalized"": -0.05958243678959954, ""return"": -0.0029791218394799772, ""weight"": 0.3}, {""horizon_bars"": 16.0, ""normalized"": 1.0, ""return"": 0.057579074867597786, ""weight"": 0.2}]",True,-0.007357380243637102,153532400.0,133838400.0,1.147147604872742,0.5,0.6,0.65,UNASSESSED,No quote was available for liquidity/spread assessment.,80.4625015258789,80.83499908447266,0.0046294553553489,BULLISH,False,VALID,2020-06-01T13:30:00,2020-06-02T13:30:00,262
68,2020-05-31 00:00:00,bearish,-0.8026252586247851,0.8286715103573826,1.0,0.5,-0.257817272287184,bearish,BEARISH,0.5689511950880791,NEWS_PLUS_MARKET,True,-0.8999085237798863,-0.4949496880789375,7,1.4260989985360955,0.8999085237798863,True,0.17238457584155692,0.06033460154454492,"[{""horizon_bars"": 1.0, ""normalized"": -0.01948138624312647, ""return"": -0.0009740693121563236, ""weight"": 0.5}, {""horizon_bars"": 4.0, ""normalized"": -0.05958243678959954, ""return"": -0.0029791218394799772, ""weight"": 0.3}, {""horizon_bars"": 16.0, ""normalized"": 1.0, ""return"": 0.057579074867597786, ""weight"": 0.2}]",True,-0.007357380243637102,153532400.0,133838400.0,1.147147604872742,0.5,0.6,0.65,UNASSESSED,No quote was available for liquidity/spread assessment.,80.4625015258789,80.83499908447266,0.0046294553553489,BULLISH,False,VALID,2020-06-01T13:30:00,2020-06-02T13:30:00,264
103,2020-05-31 00:00:00,bearish,-0.6421327537616008,0.7785928961424962,1.0,0.5,0.006449464740504,neutral,NEUTRAL,0.3298311322222602,NEWS_PLUS_MARKET,True,-0.19995621577815875,-0.10997591867798732,11,2.247347531655039,0.19995621577815875,True,0.3403943064958224,0.11913800727353784,"[{""horizon_bars"": 1.0, ""normalized"": 0.343759018023114, ""return"": 0.0171879509011557, ""weight"": 0.5}, {""horizon_bars"": 4.0, ""normalized"": 0.04505728338731988, ""return"": 0.002252864169365994, ""weight"": 0.3}, {""horizon_bars"": 16.0, ""normalized"": 0.7749880623403472, ""return"": 0.03874940311701736, ""weight"": 0.2}]",True,0.0018941366738850385,70198000.0,72962000.0,0.9621172665222992,0.5,0.6,0.65,UNASSESSED,No quote was available for liquidity/spread assessment.,123.552001953125,123.62049865722656,0.0005543957444538,NEUTRAL,True,VALID,2020-06-01T13:30:00,2020-06-02T13:30:00,266
104,2020-05-31 00:00:00,neutral,0.018806210733517424,0.9235672819173273,1.0,0.5,0.006449464740504,neutral,NEUTRAL,0.3298311322222602,NEWS_PLUS_MARKET,True,-0.19995621577815875,-0.10997591867798732,11,2.247347531655039,0.19995621577815875,True,0.3403943064958224,0.11913800727353784,"[{""horizon_bars"": 1.0, ""normalized"": 0.343759018023114, ""return"": 0.0171879509011557, ""weight"": 0.5}, {""horizon_bars"": 4.0, ""normalized"": 0.04505728338731988, ""return"": 0.002252864169365994, ""weight"": 0.3}, {""horizon_bars"": 16.0, ""normalized"": 0.7749880623403472, ""return"": 0.03874940311701736, ""weight"": 0.2}]",True,0.0018941366738850385,70198000.0,72962000.0,0.9621172665222992,0.5,0.6,0.65,UNASSESSED,No quote was available for liquidity/spread assessment.,123.552001953125,123.62049865722656,0.0005543957444538,NEUTRAL,True,VALID,2020-06-01T13:30:00,2020-06-02T13:30:00,268
205,2020-05-31 00:00:00,bullish,0.2278246365002276,0.7540647071479709,1.0,0.5,0.2425887627423826,bullish,BULLISH,0.6038062683442048,NEWS_PLUS_MARKET,True,0.3128652467366782,0.17207588570517302,11,2.074106007718261,0.3128652467366782,True,0.6953358093861384,0.2433675332851484,"[{""horizon_bars"": 1.0, ""normalized"": 0.7244880561767537, ""return"": 0.03622440280883769, ""weight"": 0.5}, {""horizon_bars"": 4.0, ""normalized"": 0.4436392709925383, ""return"": 0.022181963549626916, ""weight"": 0.3}, {""horizon_bars"": 16.0, ""normalized"": 1.0, ""return"": 0.06698357344823928, ""weight"": 0.2}]",True,0.000423031425191589,176467500.0,174987000.0,1.0084606285038318,0.5,0.6,0.65,UNASSESSED,No quote was available for liquidity/spread assessment.,59.87333297729492,58.770668029785156,-0.0184166287841018,BEARISH,False,VALID,2020-06-01T13:30:00,2020-06-02T13:30:00,270
185,2020-05-31 07:05:12,bullish,0.8467927242688971,0.8577734215971577,1.0,0.5,0.4415884916744016,bullish,BULLISH,0.6898062260209962,NEWS_PLUS_MARKET,True,1.0,0.55,1,0.4288867107985789,1.0,True,0.557550193098584,0.19514256758450438,"[{""horizon_bars"": 1.0, ""normalized"": 0.9155160566631063, ""return"": 0.04577580283315532, ""weight"": 0.5}, {""horizon_bars"": 4.0, ""normalized"": -0.33402611744323035, ""return"": -0.01670130587216152, ""weight"": 0.3}, {""horizon_bars"": 16.0, ""normalized"": 1.0, ""return"": 0.19218240040910095, ""weight"": 0.2}]",True,0.011866275285898342,745256000.0,602312000.0,1.2373255057179668,0.5,0.6,0.65,UNASSESSED,No quote was available for liquidity/spread assessment.,8.806249618530273,8.825249671936035,0.0021575647101554,BULLISH,True,VALID,2020-06-01T13:30:00,2020-06-02T13:30:00,272
69,2020-06-01 00:00:00,bearish,-0.8980264909700398,0.9272863484592333,1.0,0.5,-0.0456122870887519,neutral,NEUTRAL,0.417644495650376,NEWS_PLUS_MARKET,True,-0.25186744308489284,-0.13852709369669108,9,3.1942752778490235,0.25186744308489284,True,0.17238457584155692,0.06033460154454492,"[{""horizon_bars"": 1.0, ""normalized"": -0.01948138624312647, ""return"": -0.0009740693121563236, ""weight"": 0.5}, {""horizon_bars"": 4.0, ""normalized"": -0.05958243678959954, ""return"": -0.0029791218394799772, ""weight"": 0.3}, {""horizon_bars"": 16.0, ""normalized"": 1.0, ""return"": 0.057579074867597786, ""weight"": 0.2}]",True,0.0,153532400.0,133838400.0,1.147147604872742,0.5,0.6,0.65,UNASSESSED,No quote was available for liquidity/spread assessment.,80.4625015258789,80.83499908447266,0.0046294553553489,BULLISH,False,VALID,2020-06-01T13:30:00,2020-06-02T13:30:00,274
70,2020-06-01 00:00:00,neutral,-0.12303889210280045,0.5437843981908992,1.0,0.5,-0.0456122870887519,neutral,NEUTRAL,0.417644495650376,NEWS_PLUS_MARKET,True,-0.25186744308489284,-0.13852709369669108,9,3.1942752778490235,0.25186744308489284,True,0.17238457584155692,0.06033460154454492,"[{""horizon_bars"": 1.0, ""normalized"": -0.01948138624312647, ""return"": -0.0009740693121563236, ""weight"": 0.5}, {""horizon_bars"": 4.0, ""normalized"": -0.05958243678959954, ""return"": -0.0029791218394799772, ""weight"": 0.3}, {""horizon_bars"": 16.0, ""normalized"": 1.0, ""return"": 0.057579074867597786, ""weight"": 0.2}]",True,0.0,153532400.0,133838400.0,1.147147604872742,0.5,0.6,0.65,UNASSESSED,No quote was available for liquidity/spread assessment.,80.4625015258789,80.83499908447266,0.0046294553553489,BULLISH,False,VALID,2020-06-01T13:30:00,2020-06-02T13:30:00,276
71,2020-06-01 00:00:00,neutral,0.01424754190218068,0.9244071617400402,1.0,0.5,-0.0456122870887519,neutral,NEUTRAL,0.417644495650376,NEWS_PLUS_MARKET,True,-0.25186744308489284,-0.13852709369669108,9,3.1942752778490235,0.25186744308489284,True,0.17238457584155692,0.06033460154454492,"[{""horizon_bars"": 1.0, ""normalized"": -0.01948138624312647, ""return"": -0.0009740693121563236, ""weight"": 0.5}, {""horizon_bars"": 4.0, ""normalized"": -0.05958243678959954, ""return"": -0.0029791218394799772, ""weight"": 0.3}, {""horizon_bars"": 16.0, ""normalized"": 1.0, ""return"": 0.057579074867597786, ""weight"": 0.2}]",True,0.0,153532400.0,133838400.0,1.147147604872742,0.5,0.6,0.65,UNASSESSED,No quote was available for liquidity/spread assessment.,80.4625015258789,80.83499908447266,0.0046294553553489,BULLISH,False,VALID,2020-06-01T13:30:00,2020-06-02T13:30:00,278
72,2020-06-01 00:00:00,neutral,0.06454487649556709,0.8300716567757853,1.0,0.5,-0.0456122870887519,neutral,NEUTRAL,0.417644495650376,NEWS_PLUS_MARKET,True,-0.25186744308489284,-0.13852709369669108,9,3.1942752778490235,0.25186744308489284,True,0.17238457584155692,0.06033460154454492,"[{""horizon_bars"": 1.0, ""normalized"": -0.01948138624312647, ""return"": -0.0009740693121563236, ""weight"": 0.5}, {""horizon_bars"": 4.0, ""normalized"": -0.05958243678959954, ""return"": -0.0029791218394799772, ""weight"": 0.3}, {""horizon_bars"": 16.0, ""normalized"": 1.0, ""return"": 0.057579074867597786, ""weight"": 0.2}]",True,0.0,153532400.0,133838400.0,1.147147604872742,0.5,0.6,0.65,UNASSESSED,No quote was available for liquidity/spread assessment.,80.4625015258789,80.83499908447266,0.0046294553553489,BULLISH,False,VALID,2020-06-01T13:30:00,2020-06-02T13:30:00,280
73,2020-06-01 00:00:00,bullish,0.16693834511257594,0.8151518983399684,1.0,0.5,-0.0456122870887519,neutral,NEUTRAL,0.417644495650376,NEWS_PLUS_MARKET,True,-0.25186744308489284,-0.13852709369669108,9,3.1942752778490235,0.25186744308489284,True,0.17238457584155692,0.06033460154454492,"[{""horizon_bars"": 1.0, ""normalized"": -0.01948138624312647, ""return"": -0.0009740693121563236, ""weight"": 0.5}, {""horizon_bars"": 4.0, ""normalized"": -0.05958243678959954, ""return"": -0.0029791218394799772, ""weight"": 0.3}, {""horizon_bars"": 16.0, ""normalized"": 1.0, ""return"": 0.057579074867597786, ""weight"": 0.2}]",True,0.0,153532400.0,133838400.0,1.147147604872742,0.5,0.6,0.65,UNASSESSED,No quote was available for liquidity/spread assessment.,80.4625015258789,80.83499908447266,0.0046294553553489,BULLISH,False,VALID,2020-06-01T13:30:00,2020-06-02T13:30:00,282
74,2020-06-01 00:00:00,neutral,0.0016352237001906467,0.8509156488291464,1.0,0.5,-0.0456122870887519,neutral,NEUTRAL,0.417644495650376,NEWS_PLUS_MARKET,True,-0.25186744308489284,-0.13852709369669108,9,3.1942752778490235,0.25186744308489284,True,0.17238457584155692,0.06033460154454492,"[{""horizon_bars"": 1.0, ""normalized"": -0.01948138624312647, ""return"": -0.0009740693121563236, ""weight"": 0.5}, {""horizon_bars"": 4.0, ""normalized"": -0.05958243678959954, ""return"": -0.0029791218394799772, ""weight"": 0.3}, {""horizon_bars"": 16.0, ""normalized"": 1.0, ""return"": 0.057579074867597786, ""weight"": 0.2}]",True,0.0,153532400.0,133838400.0,1.147147604872742,0.5,0.6,0.65,UNASSESSED,No quote was available for liquidity/spread assessment.,80.4625015258789,80.83499908447266,0.0046294553553489,BULLISH,False,VALID,2020-06-01T13:30:00,2020-06-02T13:30:00,284
105,2020-06-01 00:00:00,bullish,0.6235748986224984,0.6307590665509647,1.0,0.5,0.0924968589776668,neutral,NEUTRAL,0.5537429861977433,NEWS_PLUS_MARKET,True,0.06824345457143934,0.03753390001429164,16,4.7461943232305535,0.06824345457143934,True,0.3403943064958224,0.11913800727353784,"[{""horizon_bars"": 1.0, ""normalized"": 0.343759018023114, ""return"": 0.0171879509011557, ""weight"": 0.5}, {""horizon_bars"": 4.0, ""normalized"": 0.04505728338731988, ""return"": 0.002252864169365994, ""weight"": 0.3}, {""horizon_bars"": 16.0, ""normalized"": 0.7749880623403472, ""return"": 0.03874940311701736, ""weight"": 0.2}]",True,0.0018941366738850385,70198000.0,72962000.0,0.9621172665222992,0.5,0.6,0.65,UNASSESSED,No quote was available for liquidity/spread assessment.,123.552001953125,123.62049865722656,0.0005543957444538,NEUTRAL,True,VALID,2020-06-01T13:30:00,2020-06-02T13:30:00,286
106,2020-06-01 00:00:00,neutral,-0.012625576006291502,0.8858936493019498,1.0,0.5,0.0924968589776668,neutral,NEUTRAL,0.5537429861977433,NEWS_PLUS_MARKET,True,0.06824345457143934,0.03753390001429164,16,4.7461943232305535,0.06824345457143934,True,0.3403943064958224,0.11913800727353784,"[{""horizon_bars"": 1.0, ""normalized"": 0.343759018023114, ""return"": 0.0171879509011557, ""weight"": 0.5}, {""horizon_bars"": 4.0, ""normalized"": 0.04505728338731988, ""return"": 0.002252864169365994, ""weight"": 0.3}, {""horizon_bars"": 16.0, ""normalized"": 0.7749880623403472, ""return"": 0.03874940311701736, ""weight"": 0.2}]",True,0.0018941366738850385,70198000.0,72962000.0,0.9621172665222992,0.5,0.6,0.65,UNASSESSED,No quote was available for liquidity/spread assessment.,123.552001953125,123.62049865722656,0.0005543957444538,NEUTRAL,True,VALID,2020-06-01T13:30:00,2020-06-02T13:30:00,288
107,2020-06-01 00:00:00,bearish,-0.9541850023193169,0.961294693557078,1.0,0.5,0.0924968589776668,neutral,NEUTRAL,0.5537429861977433,NEWS_PLUS_MARKET,True,0.06824345457143934,0.03753390001429164,16,4.7461943232305535,0.06824345457143934,True,0.3403943064958224,0.11913800727353784,"[{""horizon_bars"": 1.0, ""normalized"": 0.343759018023114, ""return"": 0.0171879509011557, ""weight"": 0.5}, {""horizon_bars"": 4.0, ""normalized"": 0.04505728338731988, ""return"": 0.002252864169365994, ""weight"": 0.3}, {""horizon_bars"": 16.0, ""normalized"": 0.7749880623403472, ""return"": 0.03874940311701736, ""weight"": 0.2}]",True,0.0018941366738850385,70198000.0,72962000.0,0.9621172665222992,0.5,0.6,0.65,UNASSESSED,No quote was available for liquidity/spread assessment.,123.552001953125,123.62049865722656,0.0005543957444538,NEUTRAL,True,VALID,2020-06-01T13:30:00,2020-06-02T13:30:00,290
108,2020-06-01 00:00:00,neutral,-0.08367954568622465,0.5889458323543891,1.0,0.5,0.0924968589776668,neutral,NEUTRAL,0.5537429861977433,NEWS_PLUS_MARKET,True,0.06824345457143934,0.03753390001429164,16,4.7461943232305535,0.06824345457143934,True,0.3403943064958224,0.11913800727353784,"[{""horizon_bars"": 1.0, ""normalized"": 0.343759018023114, ""return"": 0.0171879509011557, ""weight"": 0.5}, {""horizon_bars"": 4.0, ""normalized"": 0.04505728338731988, ""return"": 0.002252864169365994, ""weight"": 0.3}, {""horizon_bars"": 16.0, ""normalized"": 0.7749880623403472, ""return"": 0.03874940311701736, ""weight"": 0.2}]",True,0.0018941366738850385,70198000.0,72962000.0,0.9621172665222992,0.5,0.6,0.65,UNASSESSED,No quote was available for liquidity/spread assessment.,123.552001953125,123.62049865722656,0.0005543957444538,NEUTRAL,True,VALID,2020-06-01T13:30:00,2020-06-02T13:30:00,292
109,2020-06-01 00:00:00,neutral,-0.11867261955596592,0.799833360326164,1.0,0.5,0.0924968589776668,neutral,NEUTRAL,0.5537429861977433,NEWS_PLUS_MARKET,True,0.06824345457143934,0.03753390001429164,16,4.7461943232305535,0.06824345457143934,True,0.3403943064958224,0.11913800727353784,"[{""horizon_bars"": 1.0, ""normalized"": 0.343759018023114, ""return"": 0.0171879509011557, ""weight"": 0.5}, {""horizon_bars"": 4.0, ""normalized"": 0.04505728338731988, ""return"": 0.002252864169365994, ""weight"": 0.3}, {""horizon_bars"": 16.0, ""normalized"": 0.7749880623403472, ""return"": 0.03874940311701736, ""weight"": 0.2}]",True,0.0018941366738850385,70198000.0,72962000.0,0.9621172665222992,0.5,0.6,0.65,UNASSESSED,No quote was available for liquidity/spread assessment.,123.552001953125,123.62049865722656,0.0005543957444538,NEUTRAL,True,VALID,2020-06-01T13:30:00,2020-06-02T13:30:00,294
110,2020-06-01 00:00:00,neutral,0.05295270760286909,0.9171776908215536,1.0,0.5,0.0924968589776668,neutral,NEUTRAL,0.5537429861977433,NEWS_PLUS_MARKET,True,0.06824345457143934,0.03753390001429164,16,4.7461943232305535,0.06824345457143934,True,0.3403943064958224,0.11913800727353784,"[{""horizon_bars"": 1.0, ""normalized"": 0.343759018023114, ""return"": 0.0171879509011557, ""weight"": 0.5}, {""horizon_bars"": 4.0, ""normalized"": 0.04505728338731988, ""return"": 0.002252864169365994, ""weight"": 0.3}, {""horizon_bars"": 16.0, ""normalized"": 0.7749880623403472, ""return"": 0.03874940311701736, ""weight"": 0.2}]",True,0.0018941366738850385,70198000.0,72962000.0,0.9621172665222992,0.5,0.6,0.65,UNASSESSED,No quote was available for liquidity/spread assessment.,123.552001953125,123.62049865722656,0.0005543957444538,NEUTRAL,True,VALID,2020-06-01T13:30:00,2020-06-02T13:30:00,296
111,2020-06-01 00:00:00,bullish,0.7748013486132177,0.8013322442918894,1.0,0.5,0.0924968589776668,neutral,NEUTRAL,0.5537429861977433,NEWS_PLUS_MARKET,True,0.06824345457143934,0.03753390001429164,16,4.7461943232305535,0.06824345457143934,True,0.3403943064958224,0.11913800727353784,"[{""horizon_bars"": 1.0, ""normalized"": 0.343759018023114, ""return"": 0.0171879509011557, ""weight"": 0.5}, {""horizon_bars"": 4.0, ""normalized"": 0.04505728338731988, ""return"": 0.002252864169365994, ""weight"": 0.3}, {""horizon_bars"": 16.0, ""normalized"": 0.7749880623403472, ""return"": 0.03874940311701736, ""weight"": 0.2}]",True,0.0018941366738850385,70198000.0,72962000.0,0.9621172665222992,0.5,0.6,0.65,UNASSESSED,No quote was available for liquidity/spread assessment.,123.552001953125,123.62049865722656,0.0005543957444538,NEUTRAL,True,VALID,2020-06-01T13:30:00,2020-06-02T13:30:00,298
112,2020-06-01 00:00:00,neutral,0.012154608783802263,0.9074739678580468,1.0,0.5,0.0924968589776668,neutral,NEUTRAL,0.5537429861977433,NEWS_PLUS_MARKET,True,0.06824345457143934,0.03753390001429164,16,4.7461943232305535,0.06824345457143934,True,0.3403943064958224,0.11913800727353784,"[{""horizon_bars"": 1.0, ""normalized"": 0.343759018023114, ""return"": 0.0171879509011557, ""weight"": 0.5}, {""horizon_bars"": 4.0, ""normalized"": 0.04505728338731988, ""return"": 0.002252864169365994, ""weight"": 0.3}, {""horizon_bars"": 16.0, ""normalized"": 0.7749880623403472, ""return"": 0.03874940311701736, ""weight"": 0.2}]",True,0.0018941366738850385,70198000.0,72962000.0,0.9621172665222992,0.5,0.6,0.65,UNASSESSED,No quote was available for liquidity/spread assessment.,123.552001953125,123.62049865722656,0.0005543957444538,NEUTRAL,True,VALID,2020-06-01T13:30:00,2020-06-02T13:30:00,300
113,2020-06-01 00:00:00,bullish,0.6542866517922533,0.6766187422607328,1.0,0.5,0.0924968589776668,neutral,NEUTRAL,0.5537429861977433,NEWS_PLUS_MARKET,True,0.06824345457143934,0.03753390001429164,16,4.7461943232305535,0.06824345457143934,True,0.3403943064958224,0.11913800727353784,"[{""horizon_bars"": 1.0, ""normalized"": 0.343759018023114, ""return"": 0.0171879509011557, ""weight"": 0.5}, {""horizon_bars"": 4.0, ""normalized"": 0.04505728338731988, ""return"": 0.002252864169365994, ""weight"": 0.3}, {""horizon_bars"": 16.0, ""normalized"": 0.7749880623403472, ""return"": 0.03874940311701736, ""weight"": 0.2}]",True,0.0018941366738850385,70198000.0,72962000.0,0.9621172665222992,0.5,0.6,0.65,UNASSESSED,No quote was available for liquidity/spread assessment.,123.552001953125,123.62049865722656,0.0005543957444538,NEUTRAL,True,VALID,2020-06-01T13:30:00,2020-06-02T13:30:00,302
145,2020-06-01 00:00:00,bearish,-0.1970656291196937,0.7398215394500356,1.0,0.5,-0.2054800102485957,bearish,BEARISH,0.5042707204685163,NEWS_PLUS_MARKET,True,-0.8827036081961889,-0.4854869845079039,6,0.7654773309864061,0.8827036081961889,True,0.39383917434040977,0.13784371101914342,"[{""horizon_bars"": 1.0, ""normalized"": 0.215478314346278, ""return"": 0.010773915717313901, ""weight"": 0.5}, {""horizon_bars"": 4.0, ""normalized"": 0.2870000572242358, ""return"": 0.014350002861211793, ""weight"": 0.3}, {""horizon_bars"": 16.0, ""normalized"": 1.0, ""return"": 0.0654735347454638, ""weight"": 0.2}]",True,-0.004608172651689369,37044000.0,33918000.0,1.0921634530337874,0.5,0.6,0.65,UNASSESSED,No quote was available for liquidity/spread assessment.,71.74349975585938,72.1155014038086,0.0051851617110278,BULLISH,False,VALID,2020-06-01T13:30:00,2020-06-02T13:30:00,304
206,2020-06-01 00:00:00,bullish,0.9026454613026654,0.9126260698166234,1.0,0.5,0.3317207928583273,bullish,BULLISH,0.6419189162570752,NEWS_PLUS_MARKET,True,0.5906793665785838,0.3248736516182211,19,6.261408630019595,0.5906793665785838,True,0.6953358093861384,0.2433675332851484,"[{""horizon_bars"": 1.0, ""normalized"": 0.7244880561767537, ""return"": 0.03622440280883769, ""weight"": 0.5}, {""horizon_bars"": 4.0, ""normalized"": 0.4436392709925383, ""return"": 0.022181963549626916, ""weight"": 0.3}, {""horizon_bars"": 16.0, ""normalized"": 1.0, ""return"": 0.06698357344823928, ""weight"": 0.2}]",True,0.000423031425191589,176467500.0,174987000.0,1.0084606285038318,0.5,0.6,0.65,UNASSESSED,No quote was available for liquidity/spread assessment.,59.87333297729492,58.770668029785156,-0.0184166287841018,BEARISH,False,VALID,2020-06-01T13:30:00,2020-06-02T13:30:00,306
207,2020-06-01 00:00:00,bullish,0.9407731117872254,0.954238190626588,1.0,0.5,0.3317207928583273,bullish,BULLISH,0.6419189162570752,NEWS_PLUS_MARKET,True,0.5906793665785838,0.3248736516182211,19,6.261408630019595,0.5906793665785838,True,0.6953358093861384,0.2433675332851484,"[{""horizon_bars"": 1.0, ""normalized"": 0.7244880561767537, ""return"": 0.03622440280883769, ""weight"": 0.5}, {""horizon_bars"": 4.0, ""normalized"": 0.4436392709925383, ""return"": 0.022181963549626916, ""weight"": 0.3}, {""horizon_bars"": 16.0, ""normalized"": 1.0, ""return"": 0.06698357344823928, ""weight"": 0.2}]",True,0.000423031425191589,176467500.0,174987000.0,1.0084606285038318,0.5,0.6,0.65,UNASSESSED,No quote was available for liquidity/spread assessment.,59.87333297729492,58.770668029785156,-0.0184166287841018,BEARISH,False,VALID,2020-06-01T13:30:00,2020-06-02T13:30:00,308
208,2020-06-01 00:00:00,bullish,0.45941252855581605,0.5228687359229317,1.0,0.5,0.3317207928583273,bullish,BULLISH,0.6419189162570752,NEWS_PLUS_MARKET,True,0.5906793665785838,0.3248736516182211,19,6.261408630019595,0.5906793665785838,True,0.6953358093861384,0.2433675332851484,"[{""horizon_bars"": 1.0, ""normalized"": 0.7244880561767537, ""return"": 0.03622440280883769, ""weight"": 0.5}, {""horizon_bars"": 4.0, ""normalized"": 0.4436392709925383, ""return"": 0.022181963549626916, ""weight"": 0.3}, {""horizon_bars"": 16.0, ""normalized"": 1.0, ""return"": 0.06698357344823928, ""weight"": 0.2}]",True,0.000423031425191589,176467500.0,174987000.0,1.0084606285038318,0.5,0.6,0.65,UNASSESSED,No quote was available for liquidity/spread assessment.,59.87333297729492,58.770668029785156,-0.0184166287841018,BEARISH,False,VALID,2020-06-01T13:30:00,2020-06-02T13:30:00,310
209,2020-06-01 00:00:00,bullish,0.8451203772366153,0.8523219465926833,1.0,0.5,0.3317207928583273,bullish,BULLISH,0.6419189162570752,NEWS_PLUS_MARKET,True,0.5906793665785838,0.3248736516182211,19,6.261408630019595,0.5906793665785838,True,0.6953358093861384,0.2433675332851484,"[{""horizon_bars"": 1.0, ""normalized"": 0.7244880561767537, ""return"": 0.03622440280883769, ""weight"": 0.5}, {""horizon_bars"": 4.0, ""normalized"": 0.4436392709925383, ""return"": 0.022181963549626916, ""weight"": 0.3}, {""horizon_bars"": 16.0, ""normalized"": 1.0, ""return"": 0.06698357344823928, ""weight"": 0.2}]",True,0.000423031425191589,176467500.0,174987000.0,1.0084606285038318,0.5,0.6,0.65,UNASSESSED,No quote was available for liquidity/spread assessment.,59.87333297729492,58.770668029785156,-0.0184166287841018,BEARISH,False,VALID,2020-06-01T13:30:00,2020-06-02T13:30:00,312
210,2020-06-01 00:00:00,bullish,0.8186553581353211,0.8774172361819265,1.0,0.5,0.3317207928583273,bullish,BULLISH,0.6419189162570752,NEWS_PLUS_MARKET,True,0.5906793665785838,0.3248736516182211,19,6.261408630019595,0.5906793665785838,True,0.6953358093861384,0.2433675332851484,"[{""horizon_bars"": 1.0, ""normalized"": 0.7244880561767537, ""return"": 0.03622440280883769, ""weight"": 0.5}, {""horizon_bars"": 4.0, ""normalized"": 0.4436392709925383, ""return"": 0.022181963549626916, ""weight"": 0.3}, {""horizon_bars"": 16.0, ""normalized"": 1.0, ""return"": 0.06698357344823928, ""weight"": 0.2}]",True,0.000423031425191589,176467500.0,174987000.0,1.0084606285038318,0.5,0.6,0.65,UNASSESSED,No quote was available for liquidity/spread assessment.,59.87333297729492,58.770668029785156,-0.0184166287841018,BEARISH,False,VALID,2020-06-01T13:30:00,2020-06-02T13:30:00,314
211,2020-06-01 00:00:00,neutral,0.04432764161268811,0.9223485348506282,1.0,0.5,0.3317207928583273,bullish,BULLISH,0.6419189162570752,NEWS_PLUS_MARKET,True,0.5906793665785838,0.3248736516182211,19,6.261408630019595,0.5906793665785838,True,0.6953358093861384,0.2433675332851484,"[{""horizon_bars"": 1.0, ""normalized"": 0.7244880561767537, ""return"": 0.03622440280883769, ""weight"": 0.5}, {""horizon_bars"": 4.0, ""normalized"": 0.4436392709925383, ""return"": 0.022181963549626916, ""weight"": 0.3}, {""horizon_bars"": 16.0, ""normalized"": 1.0, ""return"": 0.06698357344823928, ""weight"": 0.2}]",True,0.000423031425191589,176467500.0,174987000.0,1.0084606285038318,0.5,0.6,0.65,UNASSESSED,No quote was available for liquidity/spread assessment.,59.87333297729492,58.770668029785156,-0.0184166287841018,BEARISH,False,VALID,2020-06-01T13:30:00,2020-06-02T13:30:00,316
212,2020-06-01 00:00:00,neutral,0.006220793154549813,0.9319501224101482,1.0,0.5,0.3317207928583273,bullish,BULLISH,0.6419189162570752,NEWS_PLUS_MARKET,True,0.5906793665785838,0.3248736516182211,19,6.261408630019595,0.5906793665785838,True,0.6953358093861384,0.2433675332851484,"[{""horizon_bars"": 1.0, ""normalized"": 0.7244880561767537, ""return"": 0.03622440280883769, ""weight"": 0.5}, {""horizon_bars"": 4.0, ""normalized"": 0.4436392709925383, ""return"": 0.022181963549626916, ""weight"": 0.3}, {""horizon_bars"": 16.0, ""normalized"": 1.0, ""return"": 0.06698357344823928, ""weight"": 0.2}]",True,0.000423031425191589,176467500.0,174987000.0,1.0084606285038318,0.5,0.6,0.65,UNASSESSED,No quote was available for liquidity/spread assessment.,59.87333297729492,58.770668029785156,-0.0184166287841018,BEARISH,False,VALID,2020-06-01T13:30:00,2020-06-02T13:30:00,318
213,2020-06-01 00:00:00,bullish,0.9060980675765057,0.9426092488804929,1.0,0.5,0.3317207928583273,bullish,BULLISH,0.6419189162570752,NEWS_PLUS_MARKET,True,0.5906793665785838,0.3248736516182211,19,6.261408630019595,0.5906793665785838,True,0.6953358093861384,0.2433675332851484,"[{""horizon_bars"": 1.0, ""normalized"": 0.7244880561767537, ""return"": 0.03622440280883769, ""weight"": 0.5}, {""horizon_bars"": 4.0, ""normalized"": 0.4436392709925383, ""return"": 0.022181963549626916, ""weight"": 0.3}, {""horizon_bars"": 16.0, ""normalized"": 1.0, ""return"": 0.06698357344823928, ""weight"": 0.2}]",True,0.000423031425191589,176467500.0,174987000.0,1.0084606285038318,0.5,0.6,0.65,UNASSESSED,No quote was available for liquidity/spread assessment.,59.87333297729492,58.770668029785156,-0.0184166287841018,BEARISH,False,VALID,2020-06-01T13:30:00,2020-06-02T13:30:00,320
214,2020-06-01 00:00:00,bullish,0.17229180873022334,0.7972014501847245,1.0,0.5,0.3317207928583273,bullish,BULLISH,0.6419189162570752,NEWS_PLUS_MARKET,True,0.5906793665785838,0.3248736516182211,19,6.261408630019595,0.5906793665785838,True,0.6953358093861384,0.2433675332851484,"[{""horizon_bars"": 1.0, ""normalized"": 0.7244880561767537, ""return"": 0.03622440280883769, ""weight"": 0.5}, {""horizon_bars"": 4.0, ""normalized"": 0.4436392709925383, ""return"": 0.022181963549626916, ""weight"": 0.3}, {""horizon_bars"": 16.0, ""normalized"": 1.0, ""return"": 0.06698357344823928, ""weight"": 0.2}]",True,0.000423031425191589,176467500.0,174987000.0,1.0084606285038318,0.5,0.6,0.65,UNASSESSED,No quote was available for liquidity/spread assessment.,59.87333297729492,58.770668029785156,-0.0184166287841018,BEARISH,False,VALID,2020-06-01T13:30:00,2020-06-02T13:30:00,322
215,2020-06-01 00:00:00,neutral,0.0073586419249263915,0.9472101450438166,1.0,0.5,0.3317207928583273,bullish,BULLISH,0.6419189162570752,NEWS_PLUS_MARKET,True,0.5906793665785838,0.3248736516182211,19,6.261408630019595,0.5906793665785838,True,0.6953358093861384,0.2433675332851484,"[{""horizon_bars"": 1.0, ""normalized"": 0.7244880561767537, ""return"": 0.03622440280883769, ""weight"": 0.5}, {""horizon_bars"": 4.0, ""normalized"": 0.4436392709925383, ""return"": 0.022181963549626916, ""weight"": 0.3}, {""horizon_bars"": 16.0, ""normalized"": 1.0, ""return"": 0.06698357344823928, ""weight"": 0.2}]",True,0.000423031425191589,176467500.0,174987000.0,1.0084606285038318,0.5,0.6,0.65,UNASSESSED,No quote was available for liquidity/spread assessment.,59.87333297729492,58.770668029785156,-0.0184166287841018,BEARISH,False,VALID,2020-06-01T13:30:00,2020-06-02T13:30:00,324
216,2020-06-01 00:00:00,bullish,0.8968357379347598,0.9298111630385906,1.0,0.5,0.3317207928583273,bullish,BULLISH,0.6419189162570752,NEWS_PLUS_MARKET,True,0.5906793665785838,0.3248736516182211,19,6.261408630019595,0.5906793665785838,True,0.6953358093861384,0.2433675332851484,"[{""horizon_bars"": 1.0, ""normalized"": 0.7244880561767537, ""return"": 0.03622440280883769, ""weight"": 0.5}, {""horizon_bars"": 4.0, ""normalized"": 0.4436392709925383, ""return"": 0.022181963549626916, ""weight"": 0.3}, {""horizon_bars"": 16.0, ""normalized"": 1.0, ""return"": 0.06698357344823928, ""weight"": 0.2}]",True,0.000423031425191589,176467500.0,174987000.0,1.0084606285038318,0.5,0.6,0.65,UNASSESSED,No quote was available for liquidity/spread assessment.,59.87333297729492,58.770668029785156,-0.0184166287841018,BEARISH,False,VALID,2020-06-01T13:30:00,2020-06-02T13:30:00,326
217,2020-06-01 00:00:00,neutral,-0.035517208013555346,0.9085167578718307,1.0,0.5,0.3317207928583273,bullish,BULLISH,0.6419189162570752,NEWS_PLUS_MARKET,True,0.5906793665785838,0.3248736516182211,19,6.261408630019595,0.5906793665785838,True,0.6953358093861384,0.2433675332851484,"[{""horizon_bars"": 1.0, ""normalized"": 0.7244880561767537, ""return"": 0.03622440280883769, ""weight"": 0.5}, {""horizon_bars"": 4.0, ""normalized"": 0.4436392709925383, ""return"": 0.022181963549626916, ""weight"": 0.3}, {""horizon_bars"": 16.0, ""normalized"": 1.0, ""return"": 0.06698357344823928, ""weight"": 0.2}]",True,0.000423031425191589,176467500.0,174987000.0,1.0084606285038318,0.5,0.6,0.65,UNASSESSED,No quote was available for liquidity/spread assessment.,59.87333297729492,58.770668029785156,-0.0184166287841018,BEARISH,False,VALID,2020-06-01T13:30:00,2020-06-02T13:30:00,328
75,2020-06-02 00:00:00,bearish,-0.4877257069996427,0.5176099442390736,1.0,0.5,0.0622450774001918,neutral,NEUTRAL,0.4471030166090579,NEWS_PLUS_MARKET,True,-0.10954861638777859,-0.06025173901327823,14,4.4948971185752375,0.10954861638777859,True,0.41997032492733477,0.14698961372456715,"[{""horizon_bars"": 1.0, ""normalized"": 0.24595858539882576, ""return"": 0.012297929269941289, ""weight"": 0.5}, {""horizon_bars"": 4.0, ""normalized"": 0.3233034407597396, ""return"": 0.01616517203798698, ""weight"": 0.3}, {""horizon_bars"": 16.0, ""normalized"": 1.0, ""return"": 0.0596234162487672, ""weight"": 0.2}]",True,0.019967972260468494,80791200.0,134508400.0,0.6006405547906302,0.5,0.6,0.65,UNASSESSED,No quote was available for liquidity/spread assessment.,80.83499908447266,81.27999877929688,0.0055050374202292,BULLISH,False,VALID,2020-06-02T13:30:00,2020-06-03T13:30:00,330
76,2020-06-02 00:00:00,bullish,0.8271674357440935,0.8697510840947783,1.0,0.5,0.0622450774001918,neutral,NEUTRAL,0.4471030166090579,NEWS_PLUS_MARKET,True,-0.10954861638777859,-0.06025173901327823,14,4.4948971185752375,0.10954861638777859,True,0.41997032492733477,0.14698961372456715,"[{""horizon_bars"": 1.0, ""normalized"": 0.24595858539882576, ""return"": 0.012297929269941289, ""weight"": 0.5}, {""horizon_bars"": 4.0, ""normalized"": 0.3233034407597396, ""return"": 0.01616517203798698, ""weight"": 0.3}, {""horizon_bars"": 16.0, ""normalized"": 1.0, ""return"": 0.0596234162487672, ""weight"": 0.2}]",True,0.019967972260468494,80791200.0,134508400.0,0.6006405547906302,0.5,0.6,0.65,UNASSESSED,No quote was available for liquidity/spread assessment.,80.83499908447266,81.27999877929688,0.0055050374202292,BULLISH,False,VALID,2020-06-02T13:30:00,2020-06-03T13:30:00,332
77,2020-06-02 00:00:00,bearish,-0.7254346013069153,0.8442270159721375,1.0,0.5,0.0622450774001918,neutral,NEUTRAL,0.4471030166090579,NEWS_PLUS_MARKET,True,-0.10954861638777859,-0.06025173901327823,14,4.4948971185752375,0.10954861638777859,True,0.41997032492733477,0.14698961372456715,"[{""horizon_bars"": 1.0, ""normalized"": 0.24595858539882576, ""return"": 0.012297929269941289, ""weight"": 0.5}, {""horizon_bars"": 4.0, ""normalized"": 0.3233034407597396, ""return"": 0.01616517203798698, ""weight"": 0.3}, {""horizon_bars"": 16.0, ""normalized"": 1.0, ""return"": 0.0596234162487672, ""weight"": 0.2}]",True,0.019967972260468494,80791200.0,134508400.0,0.6006405547906302,0.5,0.6,0.65,UNASSESSED,No quote was available for liquidity/spread assessment.,80.83499908447266,81.27999877929688,0.0055050374202292,BULLISH,False,VALID,2020-06-02T13:30:00,2020-06-03T13:30:00,334
78,2020-06-02 00:00:00,bearish,-0.48347924481914295,0.5189871730023566,1.0,0.5,0.0622450774001918,neutral,NEUTRAL,0.4471030166090579,NEWS_PLUS_MARKET,True,-0.10954861638777859,-0.06025173901327823,14,4.4948971185752375,0.10954861638777859,True,0.41997032492733477,0.14698961372456715,"[{""horizon_bars"": 1.0, ""normalized"": 0.24595858539882576, ""return"": 0.012297929269941289, ""weight"": 0.5}, {""horizon_bars"": 4.0, ""normalized"": 0.3233034407597396, ""return"": 0.01616517203798698, ""weight"": 0.3}, {""horizon_bars"": 16.0, ""normalized"": 1.0, ""return"": 0.0596234162487672, ""weight"": 0.2}]",True,0.019967972260468494,80791200.0,134508400.0,0.6006405547906302,0.5,0.6,0.65,UNASSESSED,No quote was available for liquidity/spread assessment.,80.83499908447266,81.27999877929688,0.0055050374202292,BULLISH,False,VALID,2020-06-02T13:30:00,2020-06-03T13:30:00,336
79,2020-06-02 00:00:00,bullish,0.9123600012214481,0.9393804880485483,1.0,0.5,0.0622450774001918,neutral,NEUTRAL,0.4471030166090579,NEWS_PLUS_MARKET,True,-0.10954861638777859,-0.06025173901327823,14,4.4948971185752375,0.10954861638777859,True,0.41997032492733477,0.14698961372456715,"[{""horizon_bars"": 1.0, ""normalized"": 0.24595858539882576, ""return"": 0.012297929269941289, ""weight"": 0.5}, {""horizon_bars"": 4.0, ""normalized"": 0.3233034407597396, ""return"": 0.01616517203798698, ""weight"": 0.3}, {""horizon_bars"": 16.0, ""normalized"": 1.0, ""return"": 0.0596234162487672, ""weight"": 0.2}]",True,0.019967972260468494,80791200.0,134508400.0,0.6006405547906302,0.5,0.6,0.65,UNASSESSED,No quote was available for liquidity/spread assessment.,80.83499908447266,81.27999877929688,0.0055050374202292,BULLISH,False,VALID,2020-06-02T13:30:00,2020-06-03T13:30:00,338
80,2020-06-02 00:00:00,neutral,0.010682497213343148,0.8817576202815682,1.0,0.5,0.0622450774001918,neutral,NEUTRAL,0.4471030166090579,NEWS_PLUS_MARKET,True,-0.10954861638777859,-0.06025173901327823,14,4.4948971185752375,0.10954861638777859,True,0.41997032492733477,0.14698961372456715,"[{""horizon_bars"": 1.0, ""normalized"": 0.24595858539882576, ""return"": 0.012297929269941289, ""weight"": 0.5}, {""horizon_bars"": 4.0, ""normalized"": 0.3233034407597396, ""return"": 0.01616517203798698, ""weight"": 0.3}, {""horizon_bars"": 16.0, ""normalized"": 1.0, ""return"": 0.0596234162487672, ""weight"": 0.2}]",True,0.019967972260468494,80791200.0,134508400.0,0.6006405547906302,0.5,0.6,0.65,UNASSESSED,No quote was available for liquidity/spread assessment.,80.83499908447266,81.27999877929688,0.0055050374202292,BULLISH,False,VALID,2020-06-02T13:30:00,2020-06-03T13:30:00,340
114,2020-06-02 00:00:00,bullish,0.5850883108719046,0.5995187269438578,1.0,0.5,0.1346066060253264,neutral,NEUTRAL,0.5722025625580949,NEWS_PLUS_MARKET,True,0.139004820196955,0.07645265110832526,14,3.8761724385454266,0.139004820196955,True,0.4139680349150436,0.14488881222026526,"[{""horizon_bars"": 1.0, ""normalized"": 0.2347723236252489, ""return"": 0.011738616181262446, ""weight"": 0.5}, {""horizon_bars"": 4.0, ""normalized"": 0.4061340600515301, ""return"": 0.020306703002576504, ""weight"": 0.3}, {""horizon_bars"": 16.0, ""normalized"": 0.8737082754348005, ""return"": 0.043685413771740025, ""weight"": 0.2}]",True,0.009412718429111872,58578000.0,72163000.0,0.8117456314177626,0.5,0.6,0.65,UNASSESSED,No quote was available for liquidity/spread assessment.,123.62049865722656,123.91999816894531,0.0024227334056401,BULLISH,False,VALID,2020-06-02T13:30:00,2020-06-03T13:30:00,342
115,2020-06-02 00:00:00,neutral,0.0608567517253521,0.9131042165668709,1.0,0.5,0.1346066060253264,neutral,NEUTRAL,0.5722025625580949,NEWS_PLUS_MARKET,True,0.139004820196955,0.07645265110832526,14,3.8761724385454266,0.139004820196955,True,0.4139680349150436,0.14488881222026526,"[{""horizon_bars"": 1.0, ""normalized"": 0.2347723236252489, ""return"": 0.011738616181262446, ""weight"": 0.5}, {""horizon_bars"": 4.0, ""normalized"": 0.4061340600515301, ""return"": 0.020306703002576504, ""weight"": 0.3}, {""horizon_bars"": 16.0, ""normalized"": 0.8737082754348005, ""return"": 0.043685413771740025, ""weight"": 0.2}]",True,0.009412718429111872,58578000.0,72163000.0,0.8117456314177626,0.5,0.6,0.65,UNASSESSED,No quote was available for liquidity/spread assessment.,123.62049865722656,123.91999816894531,0.0024227334056401,BULLISH,False,VALID,2020-06-02T13:30:00,2020-06-03T13:30:00,344
218,2020-06-02 00:00:00,bullish,0.4423702493530722,0.5191957402899464,1.0,0.5,0.3759028497133578,bullish,BULLISH,0.6624222750408036,NEWS_PLUS_MARKET,True,0.5102607837045577,0.2806434310375068,21,6.382647662371381,0.5102607837045577,True,1.0,0.35,"[{""horizon_bars"": 1.0, ""normalized"": 1.0, ""return"": 0.07556883131086997, ""weight"": 0.5}, {""horizon_bars"": 4.0, ""normalized"": 1.0, ""return"": 0.09675531539488735, ""weight"": 0.3}, {""horizon_bars"": 16.0, ""normalized"": 1.0, ""return"": 0.1513512101909987, ""weight"": 0.2}]",True,0.01376145418539242,224092500.0,175727250.0,1.2752290837078484,0.5,0.6,0.65,UNASSESSED,No quote was available for liquidity/spread assessment.,58.770668029785156,58.86399841308594,0.001588043601163,BULLISH,True,VALID,2020-06-02T13:30:00,2020-06-03T13:30:00,346
219,2020-06-02 00:00:00,bullish,0.25374917068865394,0.726181231405568,1.0,0.5,0.3759028497133578,bullish,BULLISH,0.6624222750408036,NEWS_PLUS_MARKET,True,0.5102607837045577,0.2806434310375068,21,6.382647662371381,0.5102607837045577,True,1.0,0.35,"[{""horizon_bars"": 1.0, ""normalized"": 1.0, ""return"": 0.07556883131086997, ""weight"": 0.5}, {""horizon_bars"": 4.0, ""normalized"": 1.0, ""return"": 0.09675531539488735, ""weight"": 0.3}, {""horizon_bars"": 16.0, ""normalized"": 1.0, ""return"": 0.1513512101909987, ""weight"": 0.2}]",True,0.01376145418539242,224092500.0,175727250.0,1.2752290837078484,0.5,0.6,0.65,UNASSESSED,No quote was available for liquidity/spread assessment.,58.770668029785156,58.86399841308594,0.001588043601163,BULLISH,True,VALID,2020-06-02T13:30:00,2020-06-03T13:30:00,348
220,2020-06-02 00:00:00,bullish,0.7140361970240564,0.7221615881090726,1.0,0.5,0.3759028497133578,bullish,BULLISH,0.6624222750408036,NEWS_PLUS_MARKET,True,0.5102607837045577,0.2806434310375068,21,6.382647662371381,0.5102607837045577,True,1.0,0.35,"[{""horizon_bars"": 1.0, ""normalized"": 1.0, ""return"": 0.07556883131086997, ""weight"": 0.5}, {""horizon_bars"": 4.0, ""normalized"": 1.0, ""return"": 0.09675531539488735, ""weight"": 0.3}, {""horizon_bars"": 16.0, ""normalized"": 1.0, ""return"": 0.1513512101909987, ""weight"": 0.2}]",True,0.01376145418539242,224092500.0,175727250.0,1.2752290837078484,0.5,0.6,0.65,UNASSESSED,No quote was available for liquidity/spread assessment.,58.770668029785156,58.86399841308594,0.001588043601163,BULLISH,True,VALID,2020-06-02T13:30:00,2020-06-03T13:30:00,350
221,2020-06-02 00:00:00,neutral,0.0037681161234344174,0.68373266805015,1.0,0.5,0.3759028497133578,bullish,BULLISH,0.6624222750408036,NEWS_PLUS_MARKET,True,0.5102607837045577,0.2806434310375068,21,6.382647662371381,0.5102607837045577,True,1.0,0.35,"[{""horizon_bars"": 1.0, ""normalized"": 1.0, ""return"": 0.07556883131086997, ""weight"": 0.5}, {""horizon_bars"": 4.0, ""normalized"": 1.0, ""return"": 0.09675531539488735, ""weight"": 0.3}, {""horizon_bars"": 16.0, ""normalized"": 1.0, ""return"": 0.1513512101909987, ""weight"": 0.2}]",True,0.01376145418539242,224092500.0,175727250.0,1.2752290837078484,0.5,0.6,0.65,UNASSESSED,No quote was available for liquidity/spread assessment.,58.770668029785156,58.86399841308594,0.001588043601163,BULLISH,True,VALID,2020-06-02T13:30:00,2020-06-03T13:30:00,352
222,2020-06-02 00:00:00,neutral,0.0376520068637357,0.9283924819878253,1.0,0.5,0.3759028497133578,bullish,BULLISH,0.6624222750408036,NEWS_PLUS_MARKET,True,0.5102607837045577,0.2806434310375068,21,6.382647662371381,0.5102607837045577,True,1.0,0.35,"[{""horizon_bars"": 1.0, ""normalized"": 1.0, ""return"": 0.07556883131086997, ""weight"": 0.5}, {""horizon_bars"": 4.0, ""normalized"": 1.0, ""return"": 0.09675531539488735, ""weight"": 0.3}, {""horizon_bars"": 16.0, ""normalized"": 1.0, ""return"": 0.1513512101909987, ""weight"": 0.2}]",True,0.01376145418539242,224092500.0,175727250.0,1.2752290837078484,0.5,0.6,0.65,UNASSESSED,No quote was available for liquidity/spread assessment.,58.770668029785156,58.86399841308594,0.001588043601163,BULLISH,True,VALID,2020-06-02T13:30:00,2020-06-03T13:30:00,354
223,2020-06-02 00:00:00,bearish,-0.16438868641853333,0.784474790096283,1.0,0.5,0.3759028497133578,bullish,BULLISH,0.6624222750408036,NEWS_PLUS_MARKET,True,0.5102607837045577,0.2806434310375068,21,6.382647662371381,0.5102607837045577,True,1.0,0.35,"[{""horizon_bars"": 1.0, ""normalized"": 1.0, ""return"": 0.07556883131086997, ""weight"": 0.5}, {""horizon_bars"": 4.0, ""normalized"": 1.0, ""return"": 0.09675531539488735, ""weight"": 0.3}, {""horizon_bars"": 16.0, ""normalized"": 1.0, ""return"": 0.1513512101909987, ""weight"": 0.2}]",True,0.01376145418539242,224092500.0,175727250.0,1.2752290837078484,0.5,0.6,0.65,UNASSESSED,No quote was available for liquidity/spread assessment.,58.770668029785156,58.86399841308594,0.001588043601163,BULLISH,True,VALID,2020-06-02T13:30:00,2020-06-03T13:30:00,356
186,2020-06-02 03:14:40,bearish,-0.4987392536450422,0.6015488908733428,1.0,0.5,-0.0135247719390671,neutral,NEUTRAL,0.356490840315448,NEWS_PLUS_MARKET,True,-0.15853734613865517,-0.08719554037626034,2,0.5192313332654093,0.15853734613865517,True,0.1828863344347006,0.0640102170521452,"[{""horizon_bars"": 1.0, ""normalized"": -0.1560477921345586, ""return"": -0.007802389606727931, ""weight"": 0.5}, {""horizon_bars"": 4.0, ""normalized"": 0.20303410167326624, ""return"": 0.010151705083663313, ""weight"": 0.3}, {""horizon_bars"": 16.0, ""normalized"": 1.0, ""return"": 0.15541047129223481, ""weight"": 0.2}]",True,0.0,389876000.0,614082000.0,0.6348924085057045,0.5,0.6,0.65,UNASSESSED,No quote was available for liquidity/spread assessment.,8.825249671936035,8.769499778747559,-0.0063170896304224,BEARISH,False,VALID,2020-06-02T13:30:00,2020-06-03T13:30:00,358
187,2020-06-02 09:20:06,neutral,0.03985591993353114,0.9254458746216164,1.0,0.5,0.0060370177240376,neutral,NEUTRAL,0.3418031860324917,NEWS_PLUS_MARKET,True,-0.0975655342017051,-0.053661043810937815,3,0.9325760282564208,0.0975655342017051,True,0.1828863344347006,0.0640102170521452,"[{""horizon_bars"": 1.0, ""normalized"": -0.1560477921345586, ""return"": -0.007802389606727931, ""weight"": 0.5}, {""horizon_bars"": 4.0, ""normalized"": 0.20303410167326624, ""return"": 0.010151705083663313, ""weight"": 0.3}, {""horizon_bars"": 16.0, ""normalized"": 1.0, ""return"": 0.15541047129223481, ""weight"": 0.2}]",True,0.0,389876000.0,614082000.0,0.6348924085057045,0.5,0.6,0.65,UNASSESSED,No quote was available for liquidity/spread assessment.,8.825249671936035,8.769499778747559,-0.0063170896304224,BEARISH,False,VALID,2020-06-02T13:30:00,2020-06-03T13:30:00,360
146,2020-06-04 09:07:04,bearish,-0.7678948025826968,0.7883483958403191,1.0,0.5,-0.2913786087268835,bearish,BEARISH,0.5967129522369726,NEWS_PLUS_MARKET,True,-1.0,-0.55,1,0.39417419792015956,1.0,True,0.16929416973843295,0.05925295940845153,"[{""horizon_bars"": 1.0, ""normalized"": -0.04243189742881194, ""return"": -0.0021215948714405973, ""weight"": 0.5}, {""horizon_bars"": 4.0, ""normalized"": 0.2962824132521132, ""return"": 0.014814120662605661, ""weight"": 0.3}, {""horizon_bars"": 16.0, ""normalized"": 0.5081269723860249, ""return"": 0.025406348619301244, ""weight"": 0.2}]",True,-0.008759145797394563,27732000.0,33622000.0,0.8248170840521087,0.5,0.6,0.65,UNASSESSED,No quote was available for liquidity/spread assessment.,70.71499633789062,72.0009994506836,0.0181857198528043,BULLISH,False,VALID,2020-06-04T13:30:00,2020-06-05T13:30:00,362
147,2020-06-04 09:08:37,bearish,-0.8275989647313837,0.8533254361151766,1.0,0.5,-0.2913786087268835,bearish,BEARISH,0.5975223366755622,NEWS_PLUS_MARKET,True,-1.0,-0.55,2,0.8207237733839005,1.0,True,0.16929416973843295,0.05925295940845153,"[{""horizon_bars"": 1.0, ""normalized"": -0.04243189742881194, ""return"": -0.0021215948714405973, ""weight"": 0.5}, {""horizon_bars"": 4.0, ""normalized"": 0.2962824132521132, ""return"": 0.014814120662605661, ""weight"": 0.3}, {""horizon_bars"": 16.0, ""normalized"": 0.5081269723860249, ""return"": 0.025406348619301244, ""weight"": 0.2}]",True,-0.008759145797394563,27732000.0,33622000.0,0.8248170840521087,0.5,0.6,0.65,UNASSESSED,No quote was available for liquidity/spread assessment.,70.71499633789062,72.0009994506836,0.0181857198528043,BULLISH,False,VALID,2020-06-04T13:30:00,2020-06-05T13:30:00,364
148,2020-06-05 01:06:43,bearish,-0.8457749778293308,0.859319024035827,1.0,0.5,-0.3547540212684199,bearish,BEARISH,0.6488146819716918,NEWS_PLUS_MARKET,True,-1.0,-0.55,3,1.1047455355502804,1.0,True,-0.14001237868519484,-0.04900433253981819,"[{""horizon_bars"": 1.0, ""normalized"": -0.3467097895532878, ""return"": -0.01733548947766439, ""weight"": 0.5}, {""horizon_bars"": 4.0, ""normalized"": -0.26815283525836914, ""return"": -0.013407641762918457, ""weight"": 0.3}, {""horizon_bars"": 16.0, ""normalized"": 0.568941833344799, ""return"": 0.02844709166723995, ""weight"": 0.2}]",True,-0.009145418206044453,26982000.0,33022000.0,0.8170916358791109,0.5,0.6,0.65,UNASSESSED,No quote was available for liquidity/spread assessment.,72.0009994506836,72.4020004272461,0.0055693806977938,BULLISH,False,VALID,2020-06-05T13:30:00,2020-06-08T13:30:00,366
149,2020-06-05 08:53:32,bearish,-0.4720507562160492,0.573955774307251,1.0,0.5,-0.3547540212684199,bearish,BEARISH,0.6464475200560519,NEWS_PLUS_MARKET,True,-1.0,-0.55,4,1.2836210941491824,1.0,True,-0.14001237868519484,-0.04900433253981819,"[{""horizon_bars"": 1.0, ""normalized"": -0.3467097895532878, ""return"": -0.01733548947766439, ""weight"": 0.5}, {""horizon_bars"": 4.0, ""normalized"": -0.26815283525836914, ""return"": -0.013407641762918457, ""weight"": 0.3}, {""horizon_bars"": 16.0, ""normalized"": 0.568941833344799, ""return"": 0.02844709166723995, ""weight"": 0.2}]",True,-0.009145418206044453,26982000.0,33022000.0,0.8170916358791109,0.5,0.6,0.65,UNASSESSED,No quote was available for liquidity/spread assessment.,72.0009994506836,72.4020004272461,0.0055693806977938,BULLISH,False,VALID,2020-06-05T13:30:00,2020-06-08T13:30:00,368
150,2020-06-05 09:28:27,bullish,0.5329321337317651,0.5573380485672867,1.0,0.5,-0.2395655845166956,bearish,BEARISH,0.6028231006091114,NEWS_PLUS_MARKET,True,-0.6409711062283918,-0.35253410842561556,5,1.5523487335864128,0.6409711062283918,True,-0.14001237868519484,-0.04900433253981819,"[{""horizon_bars"": 1.0, ""normalized"": -0.3467097895532878, ""return"": -0.01733548947766439, ""weight"": 0.5}, {""horizon_bars"": 4.0, ""normalized"": -0.26815283525836914, ""return"": -0.013407641762918457, ""weight"": 0.3}, {""horizon_bars"": 16.0, ""normalized"": 0.568941833344799, ""return"": 0.02844709166723995, ""weight"": 0.2}]",True,-0.009145418206044453,26982000.0,33022000.0,0.8170916358791109,0.5,0.6,0.65,UNASSESSED,No quote was available for liquidity/spread assessment.,72.0009994506836,72.4020004272461,0.0055693806977938,BULLISH,False,VALID,2020-06-05T13:30:00,2020-06-08T13:30:00,370
151,2020-06-07 10:29:27,neutral,0.05649270455102101,0.9049703124829073,1.0,0.5,0.0323071056135407,neutral,NEUTRAL,0.3807231842266433,NEWS_PLUS_MARKET,True,-0.18249039275796666,-0.10036971601688167,4,0.8639413941834397,0.18249039275796666,True,0.40339222503501526,0.14118727876225534,"[{""horizon_bars"": 1.0, ""normalized"": 0.36371439705608816, ""return"": 0.01818571985280441, ""weight"": 0.5}, {""horizon_bars"": 4.0, ""normalized"": 0.07178342168990395, ""return"": 0.0035891710844951977, ""weight"": 0.3}, {""horizon_bars"": 16.0, ""normalized"": 1.0, ""return"": 0.06800269113662046, ""weight"": 0.2}]",True,0.014566046877839012,42642000.0,33022000.0,1.2913209375567802,0.5,0.6,0.65,UNASSESSED,No quote was available for liquidity/spread assessment.,72.4020004272461,72.60399627685547,0.0027899208366812,BULLISH,False,VALID,2020-06-08T13:30:00,2020-06-09T13:30:00,372
188,2020-06-08 05:47:06,neutral,-0.03622838962758748,0.9097255143441413,1.0,0.5,0.0986912208775386,neutral,NEUTRAL,0.5638009689192417,NEWS_PLUS_MARKET,True,0.0,0.0,1,0.45486275717207064,0.0,True,0.45260001345765133,0.15841000471017797,"[{""horizon_bars"": 1.0, ""normalized"": 0.35019584780461827, ""return"": 0.017509792390230913, ""weight"": 0.5}, {""horizon_bars"": 4.0, ""normalized"": 0.25834029851780727, ""return"": 0.012917014925890365, ""weight"": 0.3}, {""horizon_bars"": 16.0, ""normalized"": 1.0, ""return"": 0.14652954186921263, ""weight"": 0.2}]",True,0.01077494536560264,481748000.0,614082000.0,0.7845010926879472,0.5,0.6,0.65,UNASSESSED,No quote was available for liquidity/spread assessment.,8.805000305175781,9.045999526977539,0.0273707227085606,BULLISH,False,VALID,2020-06-08T13:30:00,2020-06-09T13:30:00,374
189,2020-06-08 06:53:46,bearish,-0.8393250674512187,0.9107384003148675,1.0,0.5,-0.0690964577032007,neutral,NEUTRAL,0.4134973977386875,NEWS_PLUS_MARKET,True,-0.5033837728336764,-0.27686107505852203,2,0.9046163677347875,0.5033837728336764,True,0.45260001345765133,0.15841000471017797,"[{""horizon_bars"": 1.0, ""normalized"": 0.35019584780461827, ""return"": 0.017509792390230913, ""weight"": 0.5}, {""horizon_bars"": 4.0, ""normalized"": 0.25834029851780727, ""return"": 0.012917014925890365, ""weight"": 0.3}, {""horizon_bars"": 16.0, ""normalized"": 1.0, ""return"": 0.14652954186921263, ""weight"": 0.2}]",True,0.0,481748000.0,614082000.0,0.7845010926879472,0.5,0.6,0.65,UNASSESSED,No quote was available for liquidity/spread assessment.,8.805000305175781,9.045999526977539,0.0273707227085606,BULLISH,False,VALID,2020-06-08T13:30:00,2020-06-09T13:30:00,376
152,2020-06-08 07:25:53,neutral,0.12465925396061296,0.8524357040137978,1.0,0.5,0.0908579832722858,neutral,NEUTRAL,0.5571929413928687,NEWS_PLUS_MARKET,True,5.849295264903567e-06,3.2171123956969623e-06,4,0.8975345594392156,5.849295264903567e-06,True,0.40339222503501526,0.14118727876225534,"[{""horizon_bars"": 1.0, ""normalized"": 0.36371439705608816, ""return"": 0.01818571985280441, ""weight"": 0.5}, {""horizon_bars"": 4.0, ""normalized"": 0.07178342168990395, ""return"": 0.0035891710844951977, ""weight"": 0.3}, {""horizon_bars"": 16.0, ""normalized"": 1.0, ""return"": 0.06800269113662046, ""weight"": 0.2}]",True,0.014566046877839012,42642000.0,33022000.0,1.2913209375567802,0.5,0.6,0.65,UNASSESSED,No quote was available for liquidity/spread assessment.,72.4020004272461,72.60399627685547,0.0027899208366812,BULLISH,False,VALID,2020-06-08T13:30:00,2020-06-09T13:30:00,378
190,2020-06-08 08:30:29,neutral,-0.04216518084759768,0.9095450484159798,1.0,0.5,-0.0081380646619754,neutral,NEUTRAL,0.3435744251342288,NEWS_PLUS_MARKET,True,-0.3329743964867971,-0.18313591806773843,3,1.3430861880897431,0.3329743964867971,True,0.45260001345765133,0.15841000471017797,"[{""horizon_bars"": 1.0, ""normalized"": 0.35019584780461827, ""return"": 0.017509792390230913, ""weight"": 0.5}, {""horizon_bars"": 4.0, ""normalized"": 0.25834029851780727, ""return"": 0.012917014925890365, ""weight"": 0.3}, {""horizon_bars"": 16.0, ""normalized"": 1.0, ""return"": 0.14652954186921263, ""weight"": 0.2}]",True,0.01077494536560264,481748000.0,614082000.0,0.7845010926879472,0.5,0.6,0.65,UNASSESSED,No quote was available for liquidity/spread assessment.,8.805000305175781,9.045999526977539,0.0273707227085606,BULLISH,False,VALID,2020-06-08T13:30:00,2020-06-09T13:30:00,380
153,2020-06-08 23:51:41,bullish,0.15680125588697194,0.8284731906595953,1.0,0.5,0.1866687549986889,neutral,NEUTRAL,0.5900367747795014,NEWS_PLUS_MARKET,True,0.4032494661688359,0.22178720639285976,3,1.027246481601941,0.4032494661688359,True,0.2795304871252416,0.09783567049383456,"[{""horizon_bars"": 1.0, ""normalized"": 0.11138761395587622, ""return"": 0.005569380697793811, ""weight"": 0.5}, {""horizon_bars"": 4.0, ""normalized"": 0.07945560049101158, ""return"": 0.003972780024550579, ""weight"": 0.3}, {""horizon_bars"": 16.0, ""normalized"": 1.0, ""return"": 0.06719923871368523, ""weight"": 0.2}]",True,0.00038070311105823377,33878000.0,33622000.0,1.0076140622211647,0.5,0.6,0.65,UNASSESSED,No quote was available for liquidity/spread assessment.,72.60399627685547,73.23500061035156,0.0086910413455745,BULLISH,False,VALID,2020-06-09T13:30:00,2020-06-10T13:30:00,382
81,2020-06-09 07:11:34,bullish,0.9110140507425327,0.9316550441180074,1.0,0.5,0.4197082032613544,bullish,BULLISH,0.6892290484199558,NEWS_PLUS_MARKET,True,1.0,0.55,1,0.4658275220590037,1.0,True,0.44691478476686175,0.1564201746684016,"[{""horizon_bars"": 1.0, ""normalized"": 0.11824986154317495, ""return"": 0.005912493077158748, ""weight"": 0.5}, {""horizon_bars"": 4.0, ""normalized"": 0.6259661799842475, ""return"": 0.031298308999212376, ""weight"": 0.3}, {""horizon_bars"": 16.0, ""normalized"": 1.0, ""return"": 0.07727590052930063, ""weight"": 0.2}]",True,0.013079602351063058,95654400.0,129541400.0,0.7384079529787388,0.5,0.6,0.65,UNASSESSED,No quote was available for liquidity/spread assessment.,85.99749755859375,88.20999908447266,0.025727510551937,BULLISH,True,VALID,2020-06-09T13:30:00,2020-06-10T13:30:00,384
116,2020-06-09 07:36:51,bearish,-0.27717890033643655,0.6772569786931842,1.0,0.5,-0.225461355466764,bearish,BEARISH,0.5183611127493779,NEWS_PLUS_MARKET,True,-1.0,-0.55,1,0.3386284893465921,1.0,True,0.49070808675499394,0.17174783036424787,"[{""horizon_bars"": 1.0, ""normalized"": 0.33072917898928067, ""return"": 0.016536458949464036, ""weight"": 0.5}, {""horizon_bars"": 4.0, ""normalized"": 0.41781165753451205, ""return"": 0.020890582876725603, ""weight"": 0.3}, {""horizon_bars"": 16.0, ""normalized"": 1.0, ""return"": 0.0566005051110573, ""weight"": 0.2}]",True,-0.008253011164414714,79414000.0,68163000.0,1.1650602232882943,0.5,0.6,0.65,UNASSESSED,No quote was available for liquidity/spread assessment.,130.04299926757812,132.37249755859375,0.0179132925581209,BULLISH,False,VALID,2020-06-09T13:30:00,2020-06-10T13:30:00,386
117,2020-06-09 08:13:54,neutral,0.08596082416001666,0.7694962964726819,1.0,0.5,-0.0494530470764988,neutral,NEUTRAL,0.3867421209751059,NEWS_PLUS_MARKET,True,-0.46640814999161573,-0.2565244824953887,2,0.7210532698921384,0.46640814999161573,True,0.49070808675499394,0.17174783036424787,"[{""horizon_bars"": 1.0, ""normalized"": 0.33072917898928067, ""return"": 0.016536458949464036, ""weight"": 0.5}, {""horizon_bars"": 4.0, ""normalized"": 0.41781165753451205, ""return"": 0.020890582876725603, ""weight"": 0.3}, {""horizon_bars"": 16.0, ""normalized"": 1.0, ""return"": 0.0566005051110573, ""weight"": 0.2}]",True,0.0,79414000.0,68163000.0,1.1650602232882943,0.5,0.6,0.65,UNASSESSED,No quote was available for liquidity/spread assessment.,130.04299926757812,132.37249755859375,0.0179132925581209,BULLISH,False,VALID,2020-06-09T13:30:00,2020-06-10T13:30:00,388
118,2020-06-09 08:35:22,bullish,0.9230898399484648,0.9482896734227659,1.0,0.5,0.1424529983946689,neutral,NEUTRAL,0.5775809577621785,NEWS_PLUS_MARKET,True,0.11673508832088027,0.06420429857648416,3,1.192322461204735,0.11673508832088027,True,0.49070808675499394,0.17174783036424787,"[{""horizon_bars"": 1.0, ""normalized"": 0.33072917898928067, ""return"": 0.016536458949464036, ""weight"": 0.5}, {""horizon_bars"": 4.0, ""normalized"": 0.41781165753451205, ""return"": 0.020890582876725603, ""weight"": 0.3}, {""horizon_bars"": 16.0, ""normalized"": 1.0, ""return"": 0.0566005051110573, ""weight"": 0.2}]",True,0.008253011164414714,79414000.0,68163000.0,1.1650602232882943,0.5,0.6,0.65,UNASSESSED,No quote was available for liquidity/spread assessment.,130.04299926757812,132.37249755859375,0.0179132925581209,BULLISH,False,VALID,2020-06-09T13:30:00,2020-06-10T13:30:00,390
82,2020-06-09 08:41:02,bullish,0.7965920111630563,0.8233747819703914,1.0,0.5,0.4197082032613544,bullish,BULLISH,0.687682600533665,NEWS_PLUS_MARKET,True,1.0,0.55,2,0.8697971286663824,1.0,True,0.44691478476686175,0.1564201746684016,"[{""horizon_bars"": 1.0, ""normalized"": 0.11824986154317495, ""return"": 0.005912493077158748, ""weight"": 0.5}, {""horizon_bars"": 4.0, ""normalized"": 0.6259661799842475, ""return"": 0.031298308999212376, ""weight"": 0.3}, {""horizon_bars"": 16.0, ""normalized"": 1.0, ""return"": 0.07727590052930063, ""weight"": 0.2}]",True,0.013079602351063058,95654400.0,129541400.0,0.7384079529787388,0.5,0.6,0.65,UNASSESSED,No quote was available for liquidity/spread assessment.,85.99749755859375,88.20999908447266,0.025727510551937,BULLISH,True,VALID,2020-06-09T13:30:00,2020-06-10T13:30:00,392
191,2020-06-09 09:40:43,bullish,0.934573350787263,0.9570684932133514,1.0,0.5,0.0578076315379208,neutral,NEUTRAL,0.5373649656627574,NEWS_PLUS_MARKET,True,0.11020147561233143,0.06061081158678229,4,1.4398657554061765,0.11020147561233143,True,0.05730960551435585,0.020058361930024547,"[{""horizon_bars"": 1.0, ""normalized"": -0.2578470182389142, ""return"": -0.012892350911945712, ""weight"": 0.5}, {""horizon_bars"": 4.0, ""normalized"": -0.04588961788729023, ""return"": -0.0022944808943645115, ""weight"": 0.3}, {""horizon_bars"": 16.0, ""normalized"": 1.0, ""return"": 0.09644478593542732, ""weight"": 0.2}]",True,0.01842962340534326,387736000.0,614082000.0,0.6314075318931348,0.5,0.6,0.65,UNASSESSED,No quote was available for liquidity/spread assessment.,9.045999526977539,9.36674976348877,0.0354576888440762,BULLISH,False,VALID,2020-06-09T13:30:00,2020-06-10T13:30:00,394
83,2020-06-09 09:58:46,neutral,0.055410813333798895,0.9237090314786545,1.0,0.5,0.3073684734491215,bullish,BULLISH,0.6447536419693105,NEWS_PLUS_MARKET,True,0.6498501927930403,0.35741760603617223,3,1.319019763064851,0.6498501927930403,True,0.44691478476686175,0.1564201746684016,"[{""horizon_bars"": 1.0, ""normalized"": 0.11824986154317495, ""return"": 0.005912493077158748, ""weight"": 0.5}, {""horizon_bars"": 4.0, ""normalized"": 0.6259661799842475, ""return"": 0.031298308999212376, ""weight"": 0.3}, {""horizon_bars"": 16.0, ""normalized"": 1.0, ""return"": 0.07727590052930063, ""weight"": 0.2}]",True,0.013079602351063058,95654400.0,129541400.0,0.7384079529787388,0.5,0.6,0.65,UNASSESSED,No quote was available for liquidity/spread assessment.,85.99749755859375,88.20999908447266,0.025727510551937,BULLISH,True,VALID,2020-06-09T13:30:00,2020-06-10T13:30:00,396
119,2020-06-09 10:52:04,neutral,0.04366626039024865,0.9121795518920754,1.0,0.5,0.1319178010777494,neutral,NEUTRAL,0.5737593140804824,NEWS_PLUS_MARKET,True,0.08389810967074164,0.046143960318907905,4,1.618097202792248,0.08389810967074164,True,0.49070808675499394,0.17174783036424787,"[{""horizon_bars"": 1.0, ""normalized"": 0.33072917898928067, ""return"": 0.016536458949464036, ""weight"": 0.5}, {""horizon_bars"": 4.0, ""normalized"": 0.41781165753451205, ""return"": 0.020890582876725603, ""weight"": 0.3}, {""horizon_bars"": 16.0, ""normalized"": 1.0, ""return"": 0.0566005051110573, ""weight"": 0.2}]",True,0.008253011164414714,79414000.0,68163000.0,1.1650602232882943,0.5,0.6,0.65,UNASSESSED,No quote was available for liquidity/spread assessment.,130.04299926757812,132.37249755859375,0.0179132925581209,BULLISH,False,VALID,2020-06-09T13:30:00,2020-06-10T13:30:00,398
84,2020-06-09 11:14:07,bullish,0.20733024659149787,0.7581520834887129,1.0,0.5,0.3327068279913821,bullish,BULLISH,0.6536334618889393,NEWS_PLUS_MARKET,True,0.728826882275411,0.4008547852514761,4,1.6794066406501633,0.728826882275411,True,0.44691478476686175,0.1564201746684016,"[{""horizon_bars"": 1.0, ""normalized"": 0.11824986154317495, ""return"": 0.005912493077158748, ""weight"": 0.5}, {""horizon_bars"": 4.0, ""normalized"": 0.6259661799842475, ""return"": 0.031298308999212376, ""weight"": 0.3}, {""horizon_bars"": 16.0, ""normalized"": 1.0, ""return"": 0.07727590052930063, ""weight"": 0.2}]",True,0.013079602351063058,95654400.0,129541400.0,0.7384079529787388,0.5,0.6,0.65,UNASSESSED,No quote was available for liquidity/spread assessment.,85.99749755859375,88.20999908447266,0.025727510551937,BULLISH,True,VALID,2020-06-09T13:30:00,2020-06-10T13:30:00,400
120,2020-06-09 20:28:00,neutral,0.07675430694137339,0.8918520974340308,1.0,0.5,0.1975914310922933,neutral,NEUTRAL,0.6032652872282624,NEWS_PLUS_MARKET,True,0.06426050830890201,0.03534327956989611,5,1.8876584664373324,0.06426050830890201,True,0.8007369111857565,0.2802579189150148,"[{""horizon_bars"": 1.0, ""normalized"": 0.6085427840461186, ""return"": 0.03042713920230593, ""weight"": 0.5}, {""horizon_bars"": 4.0, ""normalized"": 0.9882183972089911, ""return"": 0.049410919860449556, ""weight"": 0.3}, {""horizon_bars"": 16.0, ""normalized"": 1.0, ""return"": 0.0792935536050946, ""weight"": 0.2}]",True,0.02312696910187763,103520000.0,70781000.0,1.4625393820375525,0.5,0.6,0.65,UNASSESSED,No quote was available for liquidity/spread assessment.,132.37249755859375,127.89800262451172,-0.0338023004521874,BEARISH,False,VALID,2020-06-10T13:30:00,2020-06-11T13:30:00,402
85,2020-06-09 20:52:01,bullish,0.8221488651263867,0.839388056663546,1.0,0.5,0.4263446054209083,bullish,BULLISH,0.6848138684819088,NEWS_PLUS_MARKET,True,0.788020065659369,0.43341103611265297,5,1.9151951805711835,0.788020065659369,True,0.8157799750833201,0.28552299127916203,"[{""horizon_bars"": 1.0, ""normalized"": 0.6315599501666405, ""return"": 0.031577997508332026, ""weight"": 0.5}, {""horizon_bars"": 4.0, ""normalized"": 1.0, ""return"": 0.05804009412089812, ""weight"": 0.3}, {""horizon_bars"": 16.0, ""normalized"": 1.0, ""return"": 0.11790321987186207, ""weight"": 0.2}]",True,0.011942439044027853,147712400.0,119233600.0,1.238848780880557,0.5,0.6,0.65,UNASSESSED,No quote was available for liquidity/spread assessment.,88.20999908447266,83.9749984741211,-0.0480104370741008,BEARISH,False,VALID,2020-06-10T13:30:00,2020-06-11T13:30:00,404
86,2020-06-10 02:27:11,neutral,0.022886330474972075,0.9433277337190484,1.0,0.5,0.3735193396244475,bullish,BULLISH,0.6644501465462401,NEWS_PLUS_MARKET,True,0.6233698865535172,0.3428534376044345,6,2.254149216189758,0.6233698865535172,True,0.8157799750833201,0.28552299127916203,"[{""horizon_bars"": 1.0, ""normalized"": 0.6315599501666405, ""return"": 0.031577997508332026, ""weight"": 0.5}, {""horizon_bars"": 4.0, ""normalized"": 1.0, ""return"": 0.05804009412089812, ""weight"": 0.3}, {""horizon_bars"": 16.0, ""normalized"": 1.0, ""return"": 0.11790321987186207, ""weight"": 0.2}]",True,0.011942439044027853,147712400.0,119233600.0,1.238848780880557,0.5,0.6,0.65,UNASSESSED,No quote was available for liquidity/spread assessment.,88.20999908447266,83.9749984741211,-0.0480104370741008,BEARISH,False,VALID,2020-06-10T13:30:00,2020-06-11T13:30:00,406
87,2020-06-10 03:19:25,bullish,0.7173362163704794,0.7484018764199224,1.0,0.5,0.3908307408032634,bullish,BULLISH,0.6708557687641311,NEWS_PLUS_MARKET,True,0.6773275006173589,0.37253012533954744,7,2.6031059453004484,0.6773275006173589,True,0.8157799750833201,0.28552299127916203,"[{""horizon_bars"": 1.0, ""normalized"": 0.6315599501666405, ""return"": 0.031577997508332026, ""weight"": 0.5}, {""horizon_bars"": 4.0, ""normalized"": 1.0, ""return"": 0.05804009412089812, ""weight"": 0.3}, {""horizon_bars"": 16.0, ""normalized"": 1.0, ""return"": 0.11790321987186207, ""weight"": 0.2}]",True,0.011942439044027853,147712400.0,119233600.0,1.238848780880557,0.5,0.6,0.65,UNASSESSED,No quote was available for liquidity/spread assessment.,88.20999908447266,83.9749984741211,-0.0480104370741008,BEARISH,False,VALID,2020-06-10T13:30:00,2020-06-11T13:30:00,408
121,2020-06-10 03:20:03,bullish,0.9338233565281642,0.9539865833632898,1.0,0.5,0.2625449808471573,bullish,BULLISH,0.6275892275648955,NEWS_PLUS_MARKET,True,0.2667131309214651,0.14669222200680582,6,2.2044453981124246,0.2667131309214651,True,0.8007369111857565,0.2802579189150148,"[{""horizon_bars"": 1.0, ""normalized"": 0.6085427840461186, ""return"": 0.03042713920230593, ""weight"": 0.5}, {""horizon_bars"": 4.0, ""normalized"": 0.9882183972089911, ""return"": 0.049410919860449556, ""weight"": 0.3}, {""horizon_bars"": 16.0, ""normalized"": 1.0, ""return"": 0.0792935536050946, ""weight"": 0.2}]",True,0.02312696910187763,103520000.0,70781000.0,1.4625393820375525,0.5,0.6,0.65,UNASSESSED,No quote was available for liquidity/spread assessment.,132.37249755859375,127.89800262451172,-0.0338023004521874,BEARISH,False,VALID,2020-06-10T13:30:00,2020-06-11T13:30:00,410
88,2020-06-10 03:53:47,neutral,0.03611650243690857,0.9339098864872969,1.0,0.5,0.3575527354740855,bullish,BULLISH,0.6586183508193685,NEWS_PLUS_MARKET,True,0.573603847643298,0.3154821162038139,8,3.0510700957209425,0.573603847643298,True,0.8157799750833201,0.28552299127916203,"[{""horizon_bars"": 1.0, ""normalized"": 0.6315599501666405, ""return"": 0.031577997508332026, ""weight"": 0.5}, {""horizon_bars"": 4.0, ""normalized"": 1.0, ""return"": 0.05804009412089812, ""weight"": 0.3}, {""horizon_bars"": 16.0, ""normalized"": 1.0, ""return"": 0.11790321987186207, ""weight"": 0.2}]",True,0.011942439044027853,147712400.0,119233600.0,1.238848780880557,0.5,0.6,0.65,UNASSESSED,No quote was available for liquidity/spread assessment.,88.20999908447266,83.9749984741211,-0.0480104370741008,BEARISH,False,VALID,2020-06-10T13:30:00,2020-06-11T13:30:00,412
224,2020-06-10 03:55:49,bullish,0.9265517248945503,0.9468394027669661,1.0,0.5,0.4035870779909529,bullish,BULLISH,0.6721938690251666,NEWS_PLUS_MARKET,True,1.0,0.55,1,0.47341970138348305,1.0,True,0.40262365855663995,0.14091828049482397,"[{""horizon_bars"": 1.0, ""normalized"": -0.19475268288672012, ""return"": -0.009737634144336007, ""weight"": 0.5}, {""horizon_bars"": 4.0, ""normalized"": 1.0, ""return"": 0.06535974312228159, ""weight"": 0.3}, {""horizon_bars"": 16.0, ""normalized"": 1.0, ""return"": 0.17705871789856134, ""weight"": 0.2}]",True,0.0009452817753808906,170823000.0,174114750.0,0.9810943644923822,0.5,0.6,0.65,UNASSESSED,No quote was available for liquidity/spread assessment.,68.336669921875,64.85600280761719,-0.0509341048991272,BEARISH,False,VALID,2020-06-10T13:30:00,2020-06-11T13:30:00,414
89,2020-06-10 04:14:08,neutral,-0.1147927060458888,0.814269679040553,1.0,0.5,0.3357800153896076,bullish,BULLISH,0.65040416430721,NEWS_PLUS_MARKET,True,0.5057408240033667,0.2781574532018517,9,3.4451999314115955,0.5057408240033667,True,0.8157799750833201,0.28552299127916203,"[{""horizon_bars"": 1.0, ""normalized"": 0.6315599501666405, ""return"": 0.031577997508332026, ""weight"": 0.5}, {""horizon_bars"": 4.0, ""normalized"": 1.0, ""return"": 0.05804009412089812, ""weight"": 0.3}, {""horizon_bars"": 16.0, ""normalized"": 1.0, ""return"": 0.11790321987186207, ""weight"": 0.2}]",True,0.011942439044027853,147712400.0,119233600.0,1.238848780880557,0.5,0.6,0.65,UNASSESSED,No quote was available for liquidity/spread assessment.,88.20999908447266,83.9749984741211,-0.0480104370741008,BEARISH,False,VALID,2020-06-10T13:30:00,2020-06-11T13:30:00,416
225,2020-06-10 04:14:33,bullish,0.777922057441448,0.7875993156444364,1.0,0.5,0.4035870779909529,bullish,BULLISH,0.6701623090052434,NEWS_PLUS_MARKET,True,1.0,0.55,2,0.8655770019700375,1.0,True,0.40262365855663995,0.14091828049482397,"[{""horizon_bars"": 1.0, ""normalized"": -0.19475268288672012, ""return"": -0.009737634144336007, ""weight"": 0.5}, {""horizon_bars"": 4.0, ""normalized"": 1.0, ""return"": 0.06535974312228159, ""weight"": 0.3}, {""horizon_bars"": 16.0, ""normalized"": 1.0, ""return"": 0.17705871789856134, ""weight"": 0.2}]",True,0.0009452817753808906,170823000.0,174114750.0,0.9810943644923822,0.5,0.6,0.65,UNASSESSED,No quote was available for liquidity/spread assessment.,68.336669921875,64.85600280761719,-0.0509341048991272,BEARISH,False,VALID,2020-06-10T13:30:00,2020-06-11T13:30:00,418
226,2020-06-10 04:43:13,bullish,0.5457379845224609,0.5656341651460031,1.0,0.5,0.4035870779909529,bullish,BULLISH,0.6675860560801751,NEWS_PLUS_MARKET,True,1.0,0.55,3,1.1437903274509593,1.0,True,0.40262365855663995,0.14091828049482397,"[{""horizon_bars"": 1.0, ""normalized"": -0.19475268288672012, ""return"": -0.009737634144336007, ""weight"": 0.5}, {""horizon_bars"": 4.0, ""normalized"": 1.0, ""return"": 0.06535974312228159, ""weight"": 0.3}, {""horizon_bars"": 16.0, ""normalized"": 1.0, ""return"": 0.17705871789856134, ""weight"": 0.2}]",True,0.0009452817753808906,170823000.0,174114750.0,0.9810943644923822,0.5,0.6,0.65,UNASSESSED,No quote was available for liquidity/spread assessment.,68.336669921875,64.85600280761719,-0.0509341048991272,BEARISH,False,VALID,2020-06-10T13:30:00,2020-06-11T13:30:00,420
227,2020-06-10 05:00:24,bullish,0.8977247778729899,0.9104719223829628,1.0,0.5,0.4035870779909529,bullish,BULLISH,0.6684649684447531,NEWS_PLUS_MARKET,True,1.0,0.55,4,1.595366759100855,1.0,True,0.40262365855663995,0.14091828049482397,"[{""horizon_bars"": 1.0, ""normalized"": -0.19475268288672012, ""return"": -0.009737634144336007, ""weight"": 0.5}, {""horizon_bars"": 4.0, ""normalized"": 1.0, ""return"": 0.06535974312228159, ""weight"": 0.3}, {""horizon_bars"": 16.0, ""normalized"": 1.0, ""return"": 0.17705871789856134, ""weight"": 0.2}]",True,0.0009452817753808906,170823000.0,174114750.0,0.9810943644923822,0.5,0.6,0.65,UNASSESSED,No quote was available for liquidity/spread assessment.,68.336669921875,64.85600280761719,-0.0509341048991272,BEARISH,False,VALID,2020-06-10T13:30:00,2020-06-11T13:30:00,422
228,2020-06-10 05:58:54,bullish,0.847119313681212,0.8704762061188632,1.0,0.5,0.4035870779909529,bullish,BULLISH,0.6686550280672735,NEWS_PLUS_MARKET,True,1.0,0.55,5,2.0132144111281094,1.0,True,0.40262365855663995,0.14091828049482397,"[{""horizon_bars"": 1.0, ""normalized"": -0.19475268288672012, ""return"": -0.009737634144336007, ""weight"": 0.5}, {""horizon_bars"": 4.0, ""normalized"": 1.0, ""return"": 0.06535974312228159, ""weight"": 0.3}, {""horizon_bars"": 16.0, ""normalized"": 1.0, ""return"": 0.17705871789856134, ""weight"": 0.2}]",True,0.0009452817753808906,170823000.0,174114750.0,0.9810943644923822,0.5,0.6,0.65,UNASSESSED,No quote was available for liquidity/spread assessment.,68.336669921875,64.85600280761719,-0.0509341048991272,BEARISH,False,VALID,2020-06-10T13:30:00,2020-06-11T13:30:00,424
229,2020-06-10 06:15:07,neutral,0.07219657885588901,0.896533826816071,1.0,0.5,0.3450134476212103,bullish,BULLISH,0.6466156136469333,NEWS_PLUS_MARKET,True,0.8174328404059971,0.44958806222329845,6,2.4553534951461238,0.8174328404059971,True,0.40262365855663995,0.14091828049482397,"[{""horizon_bars"": 1.0, ""normalized"": -0.19475268288672012, ""return"": -0.009737634144336007, ""weight"": 0.5}, {""horizon_bars"": 4.0, ""normalized"": 1.0, ""return"": 0.06535974312228159, ""weight"": 0.3}, {""horizon_bars"": 16.0, ""normalized"": 1.0, ""return"": 0.17705871789856134, ""weight"": 0.2}]",True,0.0009452817753808906,170823000.0,174114750.0,0.9810943644923822,0.5,0.6,0.65,UNASSESSED,No quote was available for liquidity/spread assessment.,68.336669921875,64.85600280761719,-0.0509341048991272,BEARISH,False,VALID,2020-06-10T13:30:00,2020-06-11T13:30:00,426
192,2020-06-10 06:22:11,neutral,-0.03622838962758748,0.9097255143441413,1.0,0.5,0.1757030699019195,neutral,NEUTRAL,0.5880446090397988,NEWS_PLUS_MARKET,True,0.10425590044755534,0.05734074524615544,5,1.470896683004164,0.10425590044755534,True,0.6628854620175895,0.23200991170615629,"[{""horizon_bars"": 1.0, ""normalized"": 0.547414454171212, ""return"": 0.027370722708560606, ""weight"": 0.5}, {""horizon_bars"": 4.0, ""normalized"": 0.6305941164399449, ""return"": 0.031529705821997246, ""weight"": 0.3}, {""horizon_bars"": 16.0, ""normalized"": 1.0, ""return"": 0.06539459926585922, ""weight"": 0.2}]",True,0.011854605736693148,468488000.0,614082000.0,0.7629078852661371,0.5,0.6,0.65,UNASSESSED,No quote was available for liquidity/spread assessment.,9.36674976348877,8.796250343322754,-0.0609068710674646,BEARISH,False,VALID,2020-06-10T13:30:00,2020-06-11T13:30:00,428
230,2020-06-10 07:33:18,bullish,0.5847417242763847,0.5947658727617698,1.0,0.5,0.3514147559048998,bullish,BULLISH,0.648089818117705,NEWS_PLUS_MARKET,True,0.8373849701213931,0.4605617335667663,7,2.716702928827682,0.8373849701213931,True,0.40262365855663995,0.14091828049482397,"[{""horizon_bars"": 1.0, ""normalized"": -0.19475268288672012, ""return"": -0.009737634144336007, ""weight"": 0.5}, {""horizon_bars"": 4.0, ""normalized"": 1.0, ""return"": 0.06535974312228159, ""weight"": 0.3}, {""horizon_bars"": 16.0, ""normalized"": 1.0, ""return"": 0.17705871789856134, ""weight"": 0.2}]",True,0.0009452817753808906,170823000.0,174114750.0,0.9810943644923822,0.5,0.6,0.65,UNASSESSED,No quote was available for liquidity/spread assessment.,68.336669921875,64.85600280761719,-0.0509341048991272,BEARISH,False,VALID,2020-06-10T13:30:00,2020-06-11T13:30:00,430
90,2020-06-10 07:33:26,bullish,0.8181549195521832,0.8658885312084296,1.0,0.5,0.3538428716016136,bullish,BULLISH,0.6569047154456614,NEWS_PLUS_MARKET,True,0.5620406355732556,0.3091223495652906,10,3.73575194674212,0.5620406355732556,True,0.8157799750833201,0.28552299127916203,"[{""horizon_bars"": 1.0, ""normalized"": 0.6315599501666405, ""return"": 0.031577997508332026, ""weight"": 0.5}, {""horizon_bars"": 4.0, ""normalized"": 1.0, ""return"": 0.05804009412089812, ""weight"": 0.3}, {""horizon_bars"": 16.0, ""normalized"": 1.0, ""return"": 0.11790321987186207, ""weight"": 0.2}]",True,0.011942439044027853,147712400.0,119233600.0,1.238848780880557,0.5,0.6,0.65,UNASSESSED,No quote was available for liquidity/spread assessment.,88.20999908447266,83.9749984741211,-0.0480104370741008,BEARISH,False,VALID,2020-06-10T13:30:00,2020-06-11T13:30:00,432
193,2020-06-10 08:12:25,neutral,-0.04216518084759768,0.9095450484159798,1.0,0.5,0.1683609951545483,neutral,NEUTRAL,0.5858187652585607,NEWS_PLUS_MARKET,True,0.08137151162458013,0.04475433139351907,6,1.8787506040520254,0.08137151162458013,True,0.6628854620175895,0.23200991170615629,"[{""horizon_bars"": 1.0, ""normalized"": 0.547414454171212, ""return"": 0.027370722708560606, ""weight"": 0.5}, {""horizon_bars"": 4.0, ""normalized"": 0.6305941164399449, ""return"": 0.031529705821997246, ""weight"": 0.3}, {""horizon_bars"": 16.0, ""normalized"": 1.0, ""return"": 0.06539459926585922, ""weight"": 0.2}]",True,0.011854605736693148,468488000.0,614082000.0,0.7629078852661371,0.5,0.6,0.65,UNASSESSED,No quote was available for liquidity/spread assessment.,9.36674976348877,8.796250343322754,-0.0609068710674646,BEARISH,False,VALID,2020-06-10T13:30:00,2020-06-11T13:30:00,434
194,2020-06-10 08:37:10,bullish,0.9327149892100235,0.9556881615992804,1.0,0.5,0.2285701232250664,bullish,BULLISH,0.6090503840504368,NEWS_PLUS_MARKET,True,0.26903632638983155,0.14796997951440735,7,2.3439759706413463,0.26903632638983155,True,0.6628854620175895,0.23200991170615629,"[{""horizon_bars"": 1.0, ""normalized"": 0.547414454171212, ""return"": 0.027370722708560606, ""weight"": 0.5}, {""horizon_bars"": 4.0, ""normalized"": 0.6305941164399449, ""return"": 0.031529705821997246, ""weight"": 0.3}, {""horizon_bars"": 16.0, ""normalized"": 1.0, ""return"": 0.06539459926585922, ""weight"": 0.2}]",True,0.011854605736693148,468488000.0,614082000.0,0.7629078852661371,0.5,0.6,0.65,UNASSESSED,No quote was available for liquidity/spread assessment.,9.36674976348877,8.796250343322754,-0.0609068710674646,BEARISH,False,VALID,2020-06-10T13:30:00,2020-06-11T13:30:00,436
231,2020-06-10 08:41:58,bullish,0.876215619329031,0.8851728288450583,1.0,0.5,0.3588002201861002,bullish,BULLISH,0.6510088719662309,NEWS_PLUS_MARKET,True,0.8604045990498098,0.47322252947739546,8,3.1238603905774562,0.8604045990498098,True,0.40262365855663995,0.14091828049482397,"[{""horizon_bars"": 1.0, ""normalized"": -0.19475268288672012, ""return"": -0.009737634144336007, ""weight"": 0.5}, {""horizon_bars"": 4.0, ""normalized"": 1.0, ""return"": 0.06535974312228159, ""weight"": 0.3}, {""horizon_bars"": 16.0, ""normalized"": 1.0, ""return"": 0.17705871789856134, ""weight"": 0.2}]",True,0.0009452817753808906,170823000.0,174114750.0,0.9810943644923822,0.5,0.6,0.65,UNASSESSED,No quote was available for liquidity/spread assessment.,68.336669921875,64.85600280761719,-0.0509341048991272,BEARISH,False,VALID,2020-06-10T13:30:00,2020-06-11T13:30:00,438
122,2020-06-10 09:18:50,neutral,0.028077793768234285,0.9449183186436726,1.0,0.5,0.247045812182416,bullish,BULLISH,0.6214330006999793,NEWS_PLUS_MARKET,True,0.21840403378460904,0.12012221858153498,7,2.505716366000045,0.21840403378460904,True,0.8007369111857565,0.2802579189150148,"[{""horizon_bars"": 1.0, ""normalized"": 0.6085427840461186, ""return"": 0.03042713920230593, ""weight"": 0.5}, {""horizon_bars"": 4.0, ""normalized"": 0.9882183972089911, ""return"": 0.049410919860449556, ""weight"": 0.3}, {""horizon_bars"": 16.0, ""normalized"": 1.0, ""return"": 0.0792935536050946, ""weight"": 0.2}]",True,0.02312696910187763,103520000.0,70781000.0,1.4625393820375525,0.5,0.6,0.65,UNASSESSED,No quote was available for liquidity/spread assessment.,132.37249755859375,127.89800262451172,-0.0338023004521874,BEARISH,False,VALID,2020-06-10T13:30:00,2020-06-11T13:30:00,440
232,2020-06-10 11:08:09,bullish,0.9303073862286624,0.9467865510817335,1.0,0.5,0.3648348135347859,bullish,BULLISH,0.6532811333093008,NEWS_PLUS_MARKET,True,0.8792137211755834,0.4835675466465709,9,3.5098483021621987,0.8792137211755834,True,0.40262365855663995,0.14091828049482397,"[{""horizon_bars"": 1.0, ""normalized"": -0.19475268288672012, ""return"": -0.009737634144336007, ""weight"": 0.5}, {""horizon_bars"": 4.0, ""normalized"": 1.0, ""return"": 0.06535974312228159, ""weight"": 0.3}, {""horizon_bars"": 16.0, ""normalized"": 1.0, ""return"": 0.17705871789856134, ""weight"": 0.2}]",True,0.0009452817753808906,170823000.0,174114750.0,0.9810943644923822,0.5,0.6,0.65,UNASSESSED,No quote was available for liquidity/spread assessment.,68.336669921875,64.85600280761719,-0.0509341048991272,BEARISH,False,VALID,2020-06-10T13:30:00,2020-06-11T13:30:00,442
154,2020-06-10 11:25:13,bullish,0.42044759575554097,0.6898459216814568,1.0,0.5,0.3040463922238454,bullish,BULLISH,0.630543327810628,NEWS_PLUS_MARKET,True,0.7678790853152664,0.42233349692339656,3,0.7755064568719643,0.7678790853152664,True,0.2813849603104854,0.09848473610866988,"[{""horizon_bars"": 1.0, ""normalized"": 0.05579841673362399, ""return"": 0.0027899208366811996, ""weight"": 0.5}, {""horizon_bars"": 4.0, ""normalized"": 0.17828583981224452, ""return"": 0.008914291990612227, ""weight"": 0.3}, {""horizon_bars"": 16.0, ""normalized"": 1.0, ""return"": 0.05755023678427682, ""weight"": 0.2}]",True,0.00040415363738273706,33624000.0,33898000.0,0.9919169272523453,0.5,0.6,0.65,UNASSESSED,No quote was available for liquidity/spread assessment.,73.23500061035156,70.09500122070312,-0.0428756655080113,BEARISH,False,VALID,2020-06-10T13:30:00,2020-06-11T13:30:00,444
233,2020-06-10 13:02:47,bullish,0.3918623772212258,0.6631613620803267,1.0,0.5,0.3682516459687616,bullish,BULLISH,0.6539336113855952,NEWS_PLUS_MARKET,True,0.8898635885022608,0.4894249736762435,10,3.762838491736658,0.8898635885022608,True,0.40262365855663995,0.14091828049482397,"[{""horizon_bars"": 1.0, ""normalized"": -0.19475268288672012, ""return"": -0.009737634144336007, ""weight"": 0.5}, {""horizon_bars"": 4.0, ""normalized"": 1.0, ""return"": 0.06535974312228159, ""weight"": 0.3}, {""horizon_bars"": 16.0, ""normalized"": 1.0, ""return"": 0.17705871789856134, ""weight"": 0.2}]",True,0.0009452817753808906,170823000.0,174114750.0,0.9810943644923822,0.5,0.6,0.65,UNASSESSED,No quote was available for liquidity/spread assessment.,68.336669921875,64.85600280761719,-0.0509341048991272,BEARISH,False,VALID,2020-06-10T13:30:00,2020-06-11T13:30:00,446
